Year,Date,Time,Round,Stadium,City,Country,HomeTeam,HomeGoals,AwayGoals,AwayTeam,Observation
1930,13.jul.30,15:00,Group_1,Pocitos,Montevideo,Uruguay,France,4,1,Mexico,
1930,13.jul.30,15:00,Group_4,Parque_Central,Montevideo,Uruguay,USA,3,0,Belgium,
1930,14.jul.30,12:45,Group_2,Parque_Central,Montevideo,Uruguay,Yugoslavia,2,1,Brazil,
1930,14.jul.30,14:50,Group_3,Pocitos,Montevideo,Uruguay,Romania,3,1,Peru,
1930,15.jul.30,16:00,Group_1,Parque_Central,Montevideo,Uruguay,Argentina,1,0,France,
1930,16.jul.30,14:45,Group_1,Parque_Central,Montevideo,Uruguay,Chile,3,0,Mexico,
1930,17.jul.30,12:45,Group_2,Parque_Central,Montevideo,Uruguay,Yugoslavia,4,0,Bolivia,
1930,17.jul.30,14:45,Group_4,Parque_Central,Montevideo,Uruguay,USA,3,0,Paraguay,
1930,18.jul.30,14:30,Group_3,Estadio_Centenario,Montevideo,Uruguay,Uruguay,1,0,Peru,
1930,19.jul.30,12:50,Group_1,Estadio_Centenario,Montevideo,Uruguay,Chile,1,0,France,
1930,19.jul.30,15:00,Group_1,Estadio_Centenario,Montevideo,Uruguay,Argentina,6,3,Mexico,
1930,20.jul.30,13:00,Group_2,Estadio_Centenario,Montevideo,Uruguay,Brazil,4,0,Bolivia,
1930,20.jul.30,15:00,Group_4,Estadio_Centenario,Montevideo,Uruguay,Paraguay,1,0,Belgium,
1930,21.jul.30,14:50,Group_3,Estadio_Centenario,Montevideo,Uruguay,Uruguay,4,0,Romania,
1930,22.jul.30,14:45,Group_1,Estadio_Centenario,Montevideo,Uruguay,Argentina,3,1,Chile,
1930,26.jul.30,14:45,Semi-finals,Estadio_Centenario,Montevideo,Uruguay,Argentina,6,1,USA,
1930,27.jul.30,14:45,Semi-finals,Estadio_Centenario,Montevideo,Uruguay,Uruguay,6,1,Yugoslavia,
1930,30.jul.30,14:15,Final,Estadio_Centenario,Montevideo,Uruguay,Uruguay,4,2,Argentina,
1934,27.maj.34,16:30,Preliminary_round,Stadio_Benito_Mussolini,Turin,Italy,Austria,3,2,France,Austria_win_after_extra_time_
1934,27.maj.34,16:30,Preliminary_round,Giorgio_Ascarelli,Naples,Italy,Hungary,4,2,Egypt,
1934,27.maj.34,16:30,Preliminary_round,San_Siro,Milan,Italy,Switzerland,3,2,Netherlands,
1934,27.maj.34,16:30,Preliminary_round,Littorale,Bologna,Italy,Sweden,3,2,Argentina,
1934,27.maj.34,16:30,Preliminary_round,Giovanni_Berta,Florence,Italy,Germany,5,2,Belgium,
1934,27.maj.34,16:30,Preliminary_round,Luigi_Ferraris,Genoa,Italy,Spain,3,1,Brazil,
1934,27.maj.34,16:30,Preliminary_round,Nazionale_PNF,Rome,Italy,Italy,7,1,USA,
1934,27.maj.34,16:30,Preliminary_round,Littorio,Trieste,Italy,Czechoslovakia,2,1,Romania,
1934,31.maj.34,16:30,Quarter-finals,Stadio_Benito_Mussolini,Turin,Italy,Czechoslovakia,3,2,Switzerland,
1934,31.maj.34,16:30,Quarter-finals,San_Siro,Milan,Italy,Germany,2,1,Sweden,
1934,31.maj.34,16:30,Quarter-finals,Giovanni_Berta,Florence,Italy,Italy,1,1,Spain,
1934,31.maj.34,16:30,Quarter-finals,Littorale,Bologna,Italy,Austria,2,1,Hungary,
1934,01.jun.34,16:30,Quarter-finals,Giovanni_Berta,Florence,Italy,Italy,1,0,Spain,
1934,03.jun.34,16:30,Semi-finals,San_Siro,Milan,Italy,Italy,1,0,Austria,
1934,03.jun.34,16:30,Semi-finals,Nazionale_PNF,Rome,Italy,Czechoslovakia,3,1,Germany,
1934,07.jun.34,18:00,Match_for_third_place,Giorgio_Ascarelli,Naples,Italy,Germany,3,2,Austria,
1934,10.jun.34,17:30,Final,Nazionale_PNF,Rome,Italy,Italy,2,1,Czechoslovakia,Italy_win_after_extra_time_
1938,04.jun.38,17:00,First_round,Parc_des_Princes,Paris,France,Switzerland,1,1,Germany,
1938,05.jun.38,17:00,First_round,Velodrome_Municipale,Reims,France,Hungary,6,0,Dutch_East_Indies,
1938,05.jun.38,17:00,First_round,Stade_Olympique,Colombes,France,France,3,1,Belgium,
1938,05.jun.38,17:00,First_round,Stade_Municipal,Toulouse,France,Cuba,3,3,Romania,
1938,05.jun.38,17:00,First_round,Stade_V???lodrome,Marseilles,France,Italy,2,1,Norway,Italy_win_after_extra_time_
1938,05.jun.38,17:30,First_round,Stade_de_la_Meinau,Strasbourg,France,Brazil,6,5,Poland,Brazil_win_after_extra_time_
1938,05.jun.38,18:30,First_round,Cavee_Verte,Le_Havre,France,Czechoslovakia,3,0,Netherlands,Czechoslovakia_win_after_extra_time_
1938,09.jun.38,18:00,First_round,Stade_Municipal,Toulouse,France,Cuba,2,1,Romania,
1938,09.jun.38,18:00,First_round,Parc_des_Princes,Paris,France,Switzerland,4,2,Germany,
1938,12.jun.38,17:00,Quarter-finals,Stade_du_Parc_Lescure,Bordeaux,France,Brazil,1,1,Czechoslovakia,
1938,12.jun.38,17:00,Quarter-finals,Victor_Boucquey,Lille,France,Hungary,2,0,Switzerland,
1938,12.jun.38,17:00,Quarter-finals,Fort_Carree,Antibes,France,Sweden,8,0,Cuba,
1938,12.jun.38,17:00,Quarter-finals,Stade_Olympique,Colombes,France,Italy,3,1,France,
1938,14.jun.38,18:00,Quarter-finals,Stade_du_Parc_Lescure,Bordeaux,France,Brazil,2,1,Czechoslovakia,
1938,16.jun.38,18:00,Semi-finals,Parc_des_Princes,Paris,France,Hungary,5,1,Sweden,
1938,16.jun.38,18:00,Semi-finals,Stade_V???lodrome,Marseilles,France,Italy,2,1,Brazil,
1938,19.jun.38,17:00,Match_for_third_place,Stade_du_Parc_Lescure,Bordeaux,France,Brazil,4,2,Sweden,
1938,19.jun.38,17:00,Final,Stade_Olympique,Colombes,France,Italy,4,2,Hungary,
1950,24.jun.50,15:00,Group_1,Maracan???_-_Est???dio_Jornalista_M???rio_Filho,Rio_De_Janeiro,Brazil,Brazil,4,0,Mexico,
1950,25.jun.50,15:00,Group_2,Maracan???_-_Est???dio_Jornalista_M???rio_Filho,Rio_De_Janeiro,Brazil,England,2,0,Chile,
1950,25.jun.50,15:00,Group_2,Durival_de_Brito,Curitiba,Brazil,Spain,3,1,USA,
1950,25.jun.50,15:00,Group_3,Pacaembu,Sao_Paulo,Brazil,Sweden,3,2,Italy,
1950,25.jun.50,15:00,Group_1,Independencia,Belo_Horizonte,Brazil,Yugoslavia,3,0,Switzerland,
1950,28.jun.50,15:00,Group_1,Pacaembu,Sao_Paulo,Brazil,Brazil,2,2,Switzerland,
1950,28.jun.50,15:00,Group_1,Eucaliptos,Porto_Alegre,Brazil,Yugoslavia,4,1,Mexico,
1950,29.jun.50,15:00,Group_2,Maracan???_-_Est???dio_Jornalista_M???rio_Filho,Rio_De_Janeiro,Brazil,Spain,2,0,Chile,
1950,29.jun.50,15:30,Group_3,Durival_de_Brito,Curitiba,Brazil,Sweden,2,2,Paraguay,
1950,29.jun.50,15:00,Group_2,Independencia,Belo_Horizonte,Brazil,USA,1,0,England,
1950,01.jul.50,15:00,Group_1,Maracan???_-_Est???dio_Jornalista_M???rio_Filho,Rio_De_Janeiro,Brazil,Brazil,2,0,Yugoslavia,
1950,02.jul.50,15:00,Group_2,Maracan???_-_Est???dio_Jornalista_M???rio_Filho,Rio_De_Janeiro,Brazil,Spain,1,0,England,
1950,02.jul.50,15:00,Group_3,Pacaembu,Sao_Paulo,Brazil,Italy,2,0,Paraguay,
1950,02.jul.50,15:00,Group_4,Independencia,Belo_Horizonte,Brazil,Uruguay,8,0,Bolivia,
1950,02.jul.50,15:40,Group_1,Eucaliptos,Porto_Alegre,Brazil,Switzerland,2,1,Mexico,
1950,02.jul.50,15:00,Group_2,Ilha_do_Retiro,Recife,Brazil,Chile,5,2,USA,
1950,09.jul.50,15:00,Group_6,Pacaembu,Sao_Paulo,Brazil,Uruguay,2,2,Spain,
1950,09.jul.50,15:00,Group_6,Maracan???_-_Est???dio_Jornalista_M???rio_Filho,Rio_De_Janeiro,Brazil,Brazil,7,1,Sweden,
1950,13.jul.50,15:00,Group_6,Maracan???_-_Est???dio_Jornalista_M???rio_Filho,Rio_De_Janeiro,Brazil,Brazil,6,1,Spain,
1950,13.jul.50,15:00,Group_6,Pacaembu,Sao_Paulo,Brazil,Uruguay,3,2,Sweden,
1950,16.jul.50,15:00,Group_6,Pacaembu,Sao_Paulo,Brazil,Sweden,3,1,Spain,
1950,16.jul.50,15:00,Group_6,Maracan???_-_Est???dio_Jornalista_M???rio_Filho,Rio_De_Janeiro,Brazil,Uruguay,2,1,Brazil,
1954,16.jun.54,18:00,Group_3,Wankdorf_Stadium,Berne,Switzerland,Uruguay,2,0,Czechoslovakia,
1954,16.jun.54,18:00,Group_3,Hardturm,Zurich,Switzerland,Austria,1,0,Scotland,
1954,16.jun.54,18:00,Group_1,Charmilles,Geneva,Switzerland,Brazil,5,0,Mexico,
1954,16.jun.54,18:00,Group_1,La_Pontaise,Lausanne,Switzerland,Yugoslavia,1,0,France,
1954,17.jun.54,18:00,Group_2,Wankdorf_Stadium,Berne,Switzerland,Germany_FR,4,1,Turkey,
1954,17.jun.54,18:00,Group_2,Hardturm,Zurich,Switzerland,Hungary,9,0,Korea_Republic,
1954,17.jun.54,18:10,Group_4,St._Jakob,Basel,Switzerland,England,4,4,Belgium,
1954,17.jun.54,17:50,Group_4,La_Pontaise,Lausanne,Switzerland,Switzerland,2,1,Italy,
1954,19.jun.54,16:50,Group_3,St._Jakob,Basel,Switzerland,Uruguay,7,0,Scotland,
1954,19.jun.54,17:00,Group_3,Hardturm,Zurich,Switzerland,Austria,5,0,Czechoslovakia,
1954,19.jun.54,17:10,Group_1,Charmilles,Geneva,Switzerland,France,3,2,Mexico,
1954,19.jun.54,17:00,Group_1,La_Pontaise,Lausanne,Switzerland,Brazil,1,1,Yugoslavia,
1954,20.jun.54,16:50,Group_2,St._Jakob,Basel,Switzerland,Hungary,8,3,Germany_FR,
1954,20.jun.54,17:00,Group_2,Charmilles,Geneva,Switzerland,Turkey,7,0,Korea_Republic,
1954,20.jun.54,17:10,Group_4,Wankdorf_Stadium,Berne,Switzerland,England,2,0,Switzerland,
1954,20.jun.54,17:00,Group_4,Comunale_di_Cornaredo,Lugano,Switzerland,Italy,4,1,Belgium,
1954,23.jun.54,18:00,Group_2,Hardturm,Zurich,Switzerland,Germany_FR,7,2,Turkey,
1954,23.jun.54,18:00,Group_4,St._Jakob,Basel,Switzerland,Switzerland,4,1,Italy,
1954,26.jun.54,17:00,Quarter-finals,St._Jakob,Basel,Switzerland,Uruguay,4,2,England,
1954,26.jun.54,17:00,Quarter-finals,La_Pontaise,Lausanne,Switzerland,Austria,7,5,Switzerland,
1954,27.jun.54,17:00,Quarter-finals,Charmilles,Geneva,Switzerland,Germany_FR,2,0,Yugoslavia,
1954,27.jun.54,17:00,Quarter-finals,Wankdorf_Stadium,Berne,Switzerland,Hungary,4,2,Brazil,
1954,30.jun.54,18:00,Semi-finals,St._Jakob,Basel,Switzerland,Germany_FR,6,1,Austria,
1954,30.jun.54,18:00,Semi-finals,La_Pontaise,Lausanne,Switzerland,Hungary,4,2,Uruguay,Hungary_win_after_extra_time_
1954,03.jul.54,17:00,Match_for_third_place,Hardturm,Zurich,Switzerland,Austria,3,1,Uruguay,
1954,04.jul.54,17:00,Final,Wankdorf_Stadium,Berne,Switzerland,Germany_FR,3,2,Hungary,
1958,08.jun.58,14:00,Group_3,Rasunda_Stadium,Solna,Sweden,Sweden,3,0,Mexico,
1958,08.jun.58,19:00,Group_4,Nya_Ullevi,Gothenburg,Sweden,Soviet_Union,2,2,England,
1958,08.jun.58,19:00,Group_1,Malmo_Stadion,Malm???,Sweden,Argentina,1,3,Germany_FR,
1958,08.jun.58,19:00,Group_3,Jarnvallen,Sandviken,Sweden,Hungary,1,1,Wales,
1958,08.jun.58,19:00,Group_2,Idrottsparken,Norrk???Ping,Sweden,France,7,3,Paraguay,
1958,08.jun.58,19:00,Group_2,Arosvallen,Vasteras,Sweden,Yugoslavia,1,1,Scotland,
1958,08.jun.58,19:00,Group_4,Rimnersvallen,Udevalla,Sweden,Brazil,3,0,Austria,
1958,08.jun.58,19:00,Group_1,Orjans_Vall,Halmstad,Sweden,Northern_Ireland,1,0,Czechoslovakia,
1958,11.jun.58,19:00,Group_4,Nya_Ullevi,Gothenburg,Sweden,Brazil,0,0,England,
1958,11.jun.58,19:00,Group_3,Rasunda_Stadium,Solna,Sweden,Mexico,1,1,Wales,
1958,11.jun.58,19:00,Group_2,Idrottsparken,Norrk???Ping,Sweden,Paraguay,3,2,Scotland,
1958,11.jun.58,19:00,Group_2,Arosvallen,Vasteras,Sweden,Yugoslavia,3,2,France,
1958,11.jun.58,19:00,Group_4,Ryavallen,Boras,Sweden,Soviet_Union,2,0,Austria,
1958,11.jun.58,19:00,Group_1,Olympia_Stadium,Helsingborg,Sweden,Germany_FR,2,2,Czechoslovakia,
1958,11.jun.58,19:00,Group_1,Orjans_Vall,Halmstad,Sweden,Argentina,3,1,Northern_Ireland,
1958,12.jun.58,19:00,Group_3,Rasunda_Stadium,Solna,Sweden,Sweden,2,1,Hungary,
1958,15.jun.58,14:00,Group_3,Rasunda_Stadium,Solna,Sweden,Sweden,0,0,Wales,
1958,15.jun.58,19:00,Group_4,Nya_Ullevi,Gothenburg,Sweden,Brazil,2,0,Soviet_Union,
1958,15.jun.58,19:00,Group_1,Malmo_Stadion,Malm???,Sweden,Germany_FR,2,2,Northern_Ireland,
1958,15.jun.58,19:00,Group_3,Jarnvallen,Sandviken,Sweden,Hungary,4,0,Mexico,
1958,15.jun.58,19:00,Group_2,Tunavallen,Eskilstuna,Sweden,Paraguay,3,3,Yugoslavia,
1958,15.jun.58,19:00,Group_2,Eyravallen,Orebro,Sweden,France,2,1,Scotland,
1958,15.jun.58,19:00,Group_4,Ryavallen,Boras,Sweden,England,2,2,Austria,
1958,15.jun.58,19:00,Group_1,Olympia_Stadium,Helsingborg,Sweden,Czechoslovakia,6,1,Argentina,
1958,17.jun.58,19:00,Group_4,Nya_Ullevi,Gothenburg,Sweden,Soviet_Union,1,0,England,
1958,17.jun.58,19:00,Group_1,Malmo_Stadion,Malm???,Sweden,Northern_Ireland,2,1,Czechoslovakia,Northern_Ireland_win_after_extra_time_
1958,17.jun.58,19:00,Group_3,Rasunda_Stadium,Solna,Sweden,Wales,2,1,Hungary,
1958,19.jun.58,19:00,Quarter-finals,Nya_Ullevi,Gothenburg,Sweden,Brazil,1,0,Wales,
1958,19.jun.58,19:00,Quarter-finals,Malmo_Stadion,Malm???,Sweden,Germany_FR,1,0,Yugoslavia,
1958,19.jun.58,19:00,Quarter-finals,Rasunda_Stadium,Solna,Sweden,Sweden,2,0,Soviet_Union,
1958,19.jun.58,19:00,Quarter-finals,Idrottsparken,Norrk???Ping,Sweden,France,4,0,Northern_Ireland,
1958,24.jun.58,19:00,Semi-finals,Nya_Ullevi,Gothenburg,Sweden,Sweden,3,1,Germany_FR,
1958,24.jun.58,19:00,Semi-finals,Rasunda_Stadium,Solna,Sweden,Brazil,5,2,France,
1958,28.jun.58,17:00,Match_for_third_place,Nya_Ullevi,Gothenburg,Sweden,France,6,3,Germany_FR,
1958,29.jun.58,15:00,Final,Rasunda_Stadium,Solna,Sweden,Brazil,5,2,Sweden,
1962,30.maj.62,15:00,Group_1,Carlos_Dittborn,Arica,Chile,Uruguay,2,1,Colombia,
1962,30.maj.62,15:00,Group_3,Estadio_Sausalito,Vina_Del_Mar,Chile,Brazil,2,0,Mexico,
1962,30.maj.62,15:00,Group_4,Estadio_El_Teniente-Codelco,Rancagua,Chile,Argentina,1,0,Bulgaria,
1962,30.maj.62,15:00,Group_2,Nacional,Santiago_De_Chile,Chile,Chile,3,1,Switzerland,
1962,31.maj.62,15:00,Group_1,Carlos_Dittborn,Arica,Chile,Soviet_Union,2,0,Yugoslavia,
1962,31.maj.62,15:00,Group_3,Estadio_Sausalito,Vina_Del_Mar,Chile,Czechoslovakia,1,0,Spain,
1962,31.maj.62,15:00,Group_4,Estadio_El_Teniente-Codelco,Rancagua,Chile,Hungary,2,1,England,
1962,31.maj.62,15:00,Group_2,Nacional,Santiago_De_Chile,Chile,Germany_FR,0,0,Italy,
1962,02.jun.62,15:00,Group_1,Carlos_Dittborn,Arica,Chile,Yugoslavia,3,1,Uruguay,
1962,02.jun.62,15:00,Group_3,Estadio_Sausalito,Vina_Del_Mar,Chile,Brazil,0,0,Czechoslovakia,
1962,02.jun.62,15:00,Group_4,Estadio_El_Teniente-Codelco,Rancagua,Chile,England,3,1,Argentina,
1962,02.jun.62,15:00,Group_2,Nacional,Santiago_De_Chile,Chile,Chile,2,0,Italy,
1962,03.jun.62,15:00,Group_1,Carlos_Dittborn,Arica,Chile,Soviet_Union,4,4,Colombia,
1962,03.jun.62,15:00,Group_3,Estadio_Sausalito,Vina_Del_Mar,Chile,Spain,1,0,Mexico,
1962,03.jun.62,15:00,Group_4,Estadio_El_Teniente-Codelco,Rancagua,Chile,Hungary,6,1,Bulgaria,
1962,03.jun.62,15:00,Group_2,Nacional,Santiago_De_Chile,Chile,Germany_FR,2,1,Switzerland,
1962,06.jun.62,15:00,Group_1,Carlos_Dittborn,Arica,Chile,Soviet_Union,2,1,Uruguay,
1962,06.jun.62,15:00,Group_3,Estadio_Sausalito,Vina_Del_Mar,Chile,Brazil,2,1,Spain,
1962,06.jun.62,15:00,Group_4,Estadio_El_Teniente-Codelco,Rancagua,Chile,Hungary,0,0,Argentina,
1962,06.jun.62,15:00,Group_2,Nacional,Santiago_De_Chile,Chile,Germany_FR,2,0,Chile,
1962,07.jun.62,15:00,Group_1,Carlos_Dittborn,Arica,Chile,Yugoslavia,5,0,Colombia,
1962,07.jun.62,15:00,Group_3,Estadio_Sausalito,Vina_Del_Mar,Chile,Mexico,3,1,Czechoslovakia,
1962,07.jun.62,15:00,Group_4,Estadio_El_Teniente-Codelco,Rancagua,Chile,England,0,0,Bulgaria,
1962,07.jun.62,15:00,Group_2,Nacional,Santiago_De_Chile,Chile,Italy,3,0,Switzerland,
1962,10.jun.62,14:30,Quarter-finals,Carlos_Dittborn,Arica,Chile,Chile,2,1,Soviet_Union,
1962,10.jun.62,14:30,Quarter-finals,Estadio_Sausalito,Vina_Del_Mar,Chile,Brazil,3,1,England,
1962,10.jun.62,14:30,Quarter-finals,Estadio_El_Teniente-Codelco,Rancagua,Chile,Czechoslovakia,1,0,Hungary,
1962,10.jun.62,14:30,Quarter-finals,Nacional,Santiago_De_Chile,Chile,Yugoslavia,1,0,Germany_FR,
1962,13.jun.62,14:30,Semi-finals,Estadio_Sausalito,Vina_Del_Mar,Chile,Czechoslovakia,3,1,Yugoslavia,
1962,13.jun.62,14:30,Semi-finals,Nacional,Santiago_De_Chile,Chile,Brazil,4,2,Chile,
1962,16.jun.62,14:30,Match_for_third_place,Nacional,Santiago_De_Chile,Chile,Chile,1,0,Yugoslavia,
1962,17.jun.62,14:30,Final,Nacional,Santiago_De_Chile,Chile,Brazil,3,1,Czechoslovakia,
1966,11.jul.66,19:30,Group_1,Wembley_Stadium,London,England,England,0,0,Uruguay,
1966,12.jul.66,19:30,Group_2,Hillsborough,Sheffield,England,Germany_FR,5,0,Switzerland,
1966,12.jul.66,19:30,Group_3,Goodison_Park,Liverpool,England,Brazil,2,0,Bulgaria,
1966,12.jul.66,19:30,Group_4,Ayresome_Park,Middlesbrough,England,Soviet_Union,3,0,Korea_DPR,
1966,13.jul.66,19:30,Group_1,Wembley_Stadium,London,England,France,1,1,Mexico,
1966,13.jul.66,19:30,Group_3,Old_Trafford_Stadium,Manchester,England,Portugal,3,1,Hungary,
1966,13.jul.66,19:30,Group_2,Villa_Park,Birmingham,England,Argentina,2,1,Spain,
1966,13.jul.66,19:30,Group_4,Roker_Park_Ground,Sunderland,England,Italy,2,0,Chile,
1966,15.jul.66,19:30,Group_1,White_City,London,England,Uruguay,2,1,France,
1966,15.jul.66,19:30,Group_2,Hillsborough,Sheffield,England,Spain,2,1,Switzerland,
1966,15.jul.66,19:30,Group_3,Goodison_Park,Liverpool,England,Hungary,3,1,Brazil,
1966,15.jul.66,19:30,Group_4,Ayresome_Park,Middlesbrough,England,Korea_DPR,1,1,Chile,
1966,16.jul.66,15:00,Group_3,Old_Trafford_Stadium,Manchester,England,Portugal,3,0,Bulgaria,
1966,16.jul.66,15:00,Group_2,Villa_Park,Birmingham,England,Germany_FR,0,0,Argentina,
1966,16.jul.66,15:00,Group_4,Roker_Park_Ground,Sunderland,England,Soviet_Union,1,0,Italy,
1966,16.jul.66,19:30,Group_1,Wembley_Stadium,London,England,England,2,0,Mexico,
1966,19.jul.66,16:30,Group_1,Wembley_Stadium,London,England,Uruguay,0,0,Mexico,
1966,19.jul.66,19:30,Group_2,Hillsborough,Sheffield,England,Argentina,2,0,Switzerland,
1966,19.jul.66,19:30,Group_3,Goodison_Park,Liverpool,England,Portugal,3,1,Brazil,
1966,19.jul.66,19:30,Group_4,Ayresome_Park,Middlesbrough,England,Korea_DPR,1,0,Italy,
1966,20.jul.66,19:30,Group_1,Wembley_Stadium,London,England,England,2,0,France,
1966,20.jul.66,19:30,Group_3,Old_Trafford_Stadium,Manchester,England,Hungary,3,1,Bulgaria,
1966,20.jul.66,19:30,Group_2,Villa_Park,Birmingham,England,Germany_FR,2,1,Spain,
1966,20.jul.66,19:30,Group_4,Roker_Park_Ground,Sunderland,England,Soviet_Union,2,1,Chile,
1966,23.jul.66,15:00,Quarter-finals,Wembley_Stadium,London,England,England,1,0,Argentina,
1966,23.jul.66,15:00,Quarter-finals,Hillsborough,Sheffield,England,Germany_FR,4,0,Uruguay,
1966,23.jul.66,15:00,Quarter-finals,Roker_Park_Ground,Sunderland,England,Soviet_Union,2,1,Hungary,
1966,23.jul.66,15:00,Quarter-finals,Goodison_Park,Liverpool,England,Portugal,5,3,Korea_DPR,
1966,25.jul.66,19:30,Semi-finals,Goodison_Park,Liverpool,England,Germany_FR,2,1,Soviet_Union,
1966,26.jul.66,19:30,Semi-finals,Wembley_Stadium,London,England,England,2,1,Portugal,
1966,28.jul.66,19:30,Match_for_third_place,Wembley_Stadium,London,England,Portugal,2,1,Soviet_Union,
1966,30.jul.66,15:00,Final,Wembley_Stadium,London,England,England,4,2,Germany_FR,England_win_after_extra_time_
1970,31.maj.70,12:00,Group_1,Estadio_Azteca,Mexico_City,Mexico,Mexico,0,0,Soviet_Union,
1970,02.jun.70,16:00,Group_2,Cuauhtemoc,Puebla,Mexico,Uruguay,2,0,Israel,
1970,02.jun.70,16:00,Group_4,Nou_Camp_-_Estadio_Le???n,Leon,Mexico,Peru,3,2,Bulgaria,
1970,02.jun.70,16:00,Group_3,Jalisco,Guadalajara,Mexico,England,1,0,Romania,
1970,03.jun.70,16:00,Group_2,Luis_Dosal,Toluca,Mexico,Italy,1,0,Sweden,
1970,03.jun.70,16:00,Group_4,Nou_Camp_-_Estadio_Le???n,Leon,Mexico,Germany_FR,2,1,Morocco,
1970,03.jun.70,16:00,Group_3,Jalisco,Guadalajara,Mexico,Brazil,4,1,Czechoslovakia,
1970,03.jun.70,16:00,Group_1,Estadio_Azteca,Mexico_City,Mexico,Belgium,3,0,El_Salvador,
1970,06.jun.70,16:00,Group_2,Cuauhtemoc,Puebla,Mexico,Uruguay,0,0,Italy,
1970,06.jun.70,16:00,Group_4,Nou_Camp_-_Estadio_Le???n,Leon,Mexico,Peru,3,0,Morocco,
1970,06.jun.70,16:00,Group_3,Jalisco,Guadalajara,Mexico,Romania,2,1,Czechoslovakia,
1970,06.jun.70,16:00,Group_1,Estadio_Azteca,Mexico_City,Mexico,Soviet_Union,4,1,Belgium,
1970,07.jun.70,12:00,Group_2,Luis_Dosal,Toluca,Mexico,Sweden,1,1,Israel,
1970,07.jun.70,12:00,Group_4,Nou_Camp_-_Estadio_Le???n,Leon,Mexico,Germany_FR,5,2,Bulgaria,
1970,07.jun.70,12:00,Group_3,Jalisco,Guadalajara,Mexico,Brazil,1,0,England,
1970,07.jun.70,12:00,Group_1,Estadio_Azteca,Mexico_City,Mexico,Mexico,4,0,El_Salvador,
1970,10.jun.70,16:00,Group_2,Cuauhtemoc,Puebla,Mexico,Sweden,1,0,Uruguay,
1970,10.jun.70,16:00,Group_4,Nou_Camp_-_Estadio_Le???n,Leon,Mexico,Germany_FR,3,1,Peru,
1970,10.jun.70,16:00,Group_3,Jalisco,Guadalajara,Mexico,Brazil,3,2,Romania,
1970,10.jun.70,16:00,Group_1,Estadio_Azteca,Mexico_City,Mexico,Soviet_Union,2,0,El_Salvador,
1970,11.jun.70,16:00,Group_2,Luis_Dosal,Toluca,Mexico,Italy,0,0,Israel,
1970,11.jun.70,16:00,Group_4,Nou_Camp_-_Estadio_Le???n,Leon,Mexico,Bulgaria,1,1,Morocco,
1970,11.jun.70,16:00,Group_3,Jalisco,Guadalajara,Mexico,England,1,0,Czechoslovakia,
1970,11.jun.70,16:00,Group_1,Estadio_Azteca,Mexico_City,Mexico,Mexico,1,0,Belgium,
1970,14.jun.70,12:00,Quarter-finals,Luis_Dosal,Toluca,Mexico,Italy,4,1,Mexico,
1970,14.jun.70,12:00,Quarter-finals,Nou_Camp_-_Estadio_Le???n,Leon,Mexico,Germany_FR,3,2,England,Germany_FR_win_after_extra_time_
1970,14.jun.70,12:00,Quarter-finals,Jalisco,Guadalajara,Mexico,Brazil,4,2,Peru,
1970,14.jun.70,12:00,Quarter-finals,Estadio_Azteca,Mexico_City,Mexico,Uruguay,1,0,Soviet_Union,Uruguay_win_after_extra_time_
1970,17.jun.70,16:00,Semi-finals,Jalisco,Guadalajara,Mexico,Brazil,3,1,Uruguay,
1970,17.jun.70,16:00,Semi-finals,Estadio_Azteca,Mexico_City,Mexico,Italy,4,3,Germany_FR,Italy_win_after_extra_time_
1970,20.jun.70,16:00,Match_for_third_place,Estadio_Azteca,Mexico_City,Mexico,Germany_FR,1,0,Uruguay,
1970,21.jun.70,12:00,Final,Estadio_Azteca,Mexico_City,Mexico,Brazil,4,1,Italy,
1974,13.jun.74,17:00,Group_2,Waldstadion,Frankfurt/Main,Germany,Brazil,0,0,Yugoslavia,
1974,14.jun.74,16:00,Group_1,Olympiastadion,Berlin_West,Germany,Germany_FR,1,0,Chile,
1974,14.jun.74,19:30,Group_1,Volksparkstadion,Hamburg,Germany,German_DR,2,0,Australia,
1974,14.jun.74,19:30,Group_2,Westfalenstadion,Dortmund,Germany,Zaire,0,2,Scotland,
1974,15.jun.74,16:00,Group_3,Niedersachsenstadion,Hanover,Germany,Uruguay,0,2,Netherlands,
1974,15.jun.74,16:00,Group_3,Rheinstadion,D???Sseldorf,Germany,Sweden,0,0,Bulgaria,
1974,15.jun.74,18:00,Group_4,Olympiastadion,Munich,Germany,Italy,3,1,Haiti,
1974,15.jun.74,18:00,Group_4,Neckarstadion,Stuttgart,Germany,Poland,3,2,Argentina,
1974,18.jun.74,16:00,Group_1,Volksparkstadion,Hamburg,Germany,Australia,0,3,Germany_FR,
1974,18.jun.74,19:30,Group_2,Waldstadion,Frankfurt/Main,Germany,Scotland,0,0,Brazil,
1974,18.jun.74,19:30,Group_1,Olympiastadion,Berlin_West,Germany,Chile,1,1,German_DR,
1974,18.jun.74,19:30,Group_2,Parkstadion,Gelsenkirchen,Germany,Yugoslavia,9,0,Zaire,
1974,19.jun.74,19:30,Group_3,Westfalenstadion,Dortmund,Germany,Netherlands,0,0,Sweden,
1974,19.jun.74,19:30,Group_3,Niedersachsenstadion,Hanover,Germany,Bulgaria,1,1,Uruguay,
1974,19.jun.74,19:30,Group_4,Olympiastadion,Munich,Germany,Haiti,0,7,Poland,
1974,19.jun.74,19:30,Group_4,Neckarstadion,Stuttgart,Germany,Argentina,1,1,Italy,
1974,22.jun.74,16:00,Group_2,Waldstadion,Frankfurt/Main,Germany,Scotland,1,1,Yugoslavia,
1974,22.jun.74,16:00,Group_1,Olympiastadion,Berlin_West,Germany,Australia,0,0,Chile,
1974,22.jun.74,16:00,Group_2,Parkstadion,Gelsenkirchen,Germany,Zaire,0,3,Brazil,
1974,22.jun.74,19:30,Group_1,Volksparkstadion,Hamburg,Germany,German_DR,1,0,Germany_FR,
1974,23.jun.74,16:00,Group_3,Westfalenstadion,Dortmund,Germany,Bulgaria,1,4,Netherlands,
1974,23.jun.74,16:00,Group_4,Olympiastadion,Munich,Germany,Argentina,4,1,Haiti,
1974,23.jun.74,16:00,Group_3,Rheinstadion,D???Sseldorf,Germany,Sweden,3,0,Uruguay,
1974,23.jun.74,16:00,Group_4,Neckarstadion,Stuttgart,Germany,Poland,2,1,Italy,
1974,26.jun.74,16:00,Group_B,Rheinstadion,D???Sseldorf,Germany,Yugoslavia,0,2,Germany_FR,
1974,26.jun.74,19:30,Group_A,Niedersachsenstadion,Hanover,Germany,Brazil,1,0,German_DR,
1974,26.jun.74,19:30,Group_A,Parkstadion,Gelsenkirchen,Germany,Netherlands,4,0,Argentina,
1974,26.jun.74,19:30,Group_B,Neckarstadion,Stuttgart,Germany,Sweden,0,1,Poland,
1974,30.jun.74,16:00,Group_A,Niedersachsenstadion,Hanover,Germany,Argentina,1,2,Brazil,
1974,30.jun.74,16:00,Group_B,Waldstadion,Frankfurt/Main,Germany,Poland,2,1,Yugoslavia,
1974,30.jun.74,16:00,Group_A,Parkstadion,Gelsenkirchen,Germany,German_DR,0,2,Netherlands,
1974,30.jun.74,19:30,Group_B,Rheinstadion,D???Sseldorf,Germany,Germany_FR,4,2,Sweden,
1974,03.jul.74,17:00,Group_B,Waldstadion,Frankfurt/Main,Germany,Poland,0,1,Germany_FR,
1974,03.jul.74,19:30,Group_A,Westfalenstadion,Dortmund,Germany,Netherlands,2,0,Brazil,
1974,03.jul.74,19:30,Group_A,Parkstadion,Gelsenkirchen,Germany,Argentina,1,1,German_DR,
1974,03.jul.74,19:30,Group_B,Rheinstadion,D???Sseldorf,Germany,Sweden,2,1,Yugoslavia,
1974,06.jul.74,16:00,Match_for_third_place,Olympiastadion,Munich,Germany,Brazil,0,1,Poland,
1974,07.jul.74,16:00,Final,Olympiastadion,Munich,Germany,Netherlands,1,2,Germany_FR,
1978,01.jun.78,15:00,Group_2,El_Monumental_-_Estadio_Monumental_Antonio_Vespuci,Buenos_Aires,Argentina,Germany_FR,0,0,Poland,
1978,02.jun.78,13:45,Group_1,Estadio_Jos???_Mar???a_Minella,Mar_Del_Plata,Argentina,Italy,2,1,France,
1978,02.jun.78,16:45,Group_2,Arroyito_-_Estadio_Dr._Lisandro_de_la_Torre,Rosario,Argentina,Tunisia,3,1,Mexico,
1978,02.jun.78,19:15,Group_1,El_Monumental_-_Estadio_Monumental_Antonio_Vespuci,Buenos_Aires,Argentina,Argentina,2,1,Hungary,
1978,03.jun.78,13:45,Group_3,Estadio_Jos???_Mar???a_Minella,Mar_Del_Plata,Argentina,Sweden,1,1,Brazil,
1978,03.jun.78,13:45,Group_3,Jose_Amalfitani,Buenos_Aires,Argentina,Austria,2,1,Spain,
1978,03.jun.78,16:45,Group_4,Estadio_Ol???mpico_Chateau_Carreras,Cordoba,Argentina,Peru,3,1,Scotland,
1978,03.jun.78,16:45,Group_4,San_Martin,Mendoza,Argentina,Netherlands,3,0,IR_Iran,
1978,06.jun.78,13:45,Group_1,Estadio_Jos???_Mar???a_Minella,Mar_Del_Plata,Argentina,Italy,3,1,Hungary,
1978,06.jun.78,16:45,Group_2,Arroyito_-_Estadio_Dr._Lisandro_de_la_Torre,Rosario,Argentina,Poland,1,0,Tunisia,
1978,06.jun.78,16:45,Group_2,Estadio_Ol???mpico_Chateau_Carreras,Cordoba,Argentina,Germany_FR,6,0,Mexico,
1978,06.jun.78,19:15,Group_1,El_Monumental_-_Estadio_Monumental_Antonio_Vespuci,Buenos_Aires,Argentina,Argentina,2,1,France,
1978,07.jun.78,13:45,Group_3,Estadio_Jos???_Mar???a_Minella,Mar_Del_Plata,Argentina,Brazil,0,0,Spain,
1978,07.jun.78,13:45,Group_3,Jose_Amalfitani,Buenos_Aires,Argentina,Austria,1,0,Sweden,
1978,07.jun.78,16:45,Group_4,Estadio_Ol???mpico_Chateau_Carreras,Cordoba,Argentina,Scotland,1,1,IR_Iran,
1978,07.jun.78,16:45,Group_4,San_Martin,Mendoza,Argentina,Netherlands,0,0,Peru,
1978,10.jun.78,15:10,Group_1,Estadio_Jos???_Mar???a_Minella,Mar_Del_Plata,Argentina,France,3,1,Hungary,
1978,10.jun.78,16:45,Group_2,Arroyito_-_Estadio_Dr._Lisandro_de_la_Torre,Rosario,Argentina,Poland,3,1,Mexico,
1978,10.jun.78,16:45,Group_2,Estadio_Ol???mpico_Chateau_Carreras,Cordoba,Argentina,Germany_FR,0,0,Tunisia,
1978,10.jun.78,19:15,Group_1,El_Monumental_-_Estadio_Monumental_Antonio_Vespuci,Buenos_Aires,Argentina,Italy,1,0,Argentina,
1978,11.jun.78,13:45,Group_3,Estadio_Jos???_Mar???a_Minella,Mar_Del_Plata,Argentina,Brazil,1,0,Austria,
1978,11.jun.78,13:45,Group_3,Jose_Amalfitani,Buenos_Aires,Argentina,Spain,1,0,Sweden,
1978,11.jun.78,16:45,Group_4,Estadio_Ol???mpico_Chateau_Carreras,Cordoba,Argentina,Peru,4,1,Iran,
1978,11.jun.78,16:45,Group_4,San_Martin,Mendoza,Argentina,Scotland,3,2,Netherlands,
1978,14.jun.78,13:45,Group_A,El_Monumental_-_Estadio_Monumental_Antonio_Vespuci,Buenos_Aires,Argentina,Germany_FR,0,0,Italy,
1978,14.jun.78,13:45,Group_A,Estadio_Ol???mpico_Chateau_Carreras,Cordoba,Argentina,Netherlands,5,1,Austria,
1978,14.jun.78,16:45,Group_B,San_Martin,Mendoza,Argentina,Brazil,3,0,Peru,
1978,14.jun.78,19:15,Group_B,Arroyito_-_Estadio_Dr._Lisandro_de_la_Torre,Rosario,Argentina,Argentina,2,0,Poland,
1978,18.jun.78,13:45,Group_B,San_Martin,Mendoza,Argentina,Poland,1,0,Peru,
1978,18.jun.78,16:45,Group_A,El_Monumental_-_Estadio_Monumental_Antonio_Vespuci,Buenos_Aires,Argentina,Italy,1,0,Austria,
1978,18.jun.78,16:45,Group_A,Estadio_Ol???mpico_Chateau_Carreras,Cordoba,Argentina,Germany_FR,2,2,Netherlands,
1978,18.jun.78,19:15,Group_B,Arroyito_-_Estadio_Dr._Lisandro_de_la_Torre,Rosario,Argentina,Argentina,0,0,Brazil,
1978,21.jun.78,13:45,Group_A,El_Monumental_-_Estadio_Monumental_Antonio_Vespuci,Buenos_Aires,Argentina,Netherlands,2,1,Italy,
1978,21.jun.78,13:45,Group_A,Estadio_Ol???mpico_Chateau_Carreras,Cordoba,Argentina,Austria,3,2,Germany_FR,
1978,21.jun.78,16:45,Group_B,San_Martin,Mendoza,Argentina,Brazil,3,1,Poland,
1978,21.jun.78,19:15,Group_B,Arroyito_-_Estadio_Dr._Lisandro_de_la_Torre,Rosario,Argentina,Argentina,6,0,Peru,
1978,24.jun.78,15:00,Match_for_third_place,El_Monumental_-_Estadio_Monumental_Antonio_Vespuci,Buenos_Aires,Argentina,Brazil,2,1,Italy,
1978,25.jun.78,15:00,Final,El_Monumental_-_Estadio_Monumental_Antonio_Vespuci,Buenos_Aires,Argentina,Argentina,3,1,Netherlands,Argentina_win_after_extra_time_
1982,13.jun.82,20:00,Group_3,Camp_Nou,Barcelona,Spain,Argentina,0,1,Belgium,
1982,14.jun.82,17:15,Group_1,Estadio_Municipal_de_Bala???dos,Vigo,Spain,Italy,0,0,Poland,
1982,14.jun.82,21:00,Group_6,Ramon_Sanchez_Pizjuan,Seville,Spain,Brazil,2,1,Soviet_Union,
1982,15.jun.82,17:15,Group_1,Riazor,La_Coru???A,Spain,Peru,0,0,Cameroon,
1982,15.jun.82,21:00,Group_3,Nuevo_Estadio,Elche,Spain,Hungary,10,1,El_Salvador,
1982,15.jun.82,21:00,Group_6,La_Rosaleda,Malaga,Spain,Scotland,5,2,New_Zealand,
1982,16.jun.82,17:15,Group_2,El_Molinon,Gijon,Spain,Germany_FR,1,2,Algeria,
1982,16.jun.82,17:15,Group_4,San_Mames,Bilbao,Spain,England,3,1,France,
1982,16.jun.82,21:00,Group_5,Luis_Casanova,Valencia,Spain,Spain,1,1,Honduras,
1982,17.jun.82,17:15,Group_2,Carlos_Tartiere,Oviedo,Spain,Chile,0,1,Austria,
1982,17.jun.82,17:45,Group_4,Jose_Zorrilla,Valladolid,Spain,Czechoslovakia,1,1,Kuwait,
1982,17.jun.82,21:00,Group_5,La_Romareda,Zaragoza,Spain,Yugoslavia,0,0,Northern_Ireland,
1982,18.jun.82,17:15,Group_1,Estadio_Municipal_de_Bala???dos,Vigo,Spain,Italy,1,1,Peru,
1982,18.jun.82,21:00,Group_3,Jose_Rico_Perez,Alicante,Spain,Argentina,4,1,Hungary,
1982,18.jun.82,21:00,Group_6,Benito_Villamarin,Seville,Spain,Brazil,4,1,Scotland,
1982,19.jun.82,19:15,Group_1,Riazor,La_Coru???A,Spain,Poland,0,0,Cameroon,
1982,19.jun.82,21:00,Group_3,Nuevo_Estadio,Elche,Spain,Belgium,1,0,El_Salvador,
1982,19.jun.82,21:00,Group_6,La_Rosaleda,Malaga,Spain,Soviet_Union,3,0,New_Zealand,
1982,20.jun.82,17:15,Group_2,El_Molinon,Gijon,Spain,Germany_FR,4,1,Chile,
1982,20.jun.82,17:15,Group_4,San_Mames,Bilbao,Spain,England,2,0,Czechoslovakia,
1982,20.jun.82,21:00,Group_5,Luis_Casanova,Valencia,Spain,Spain,2,1,Yugoslavia,
1982,21.jun.82,17:15,Group_2,Carlos_Tartiere,Oviedo,Spain,Algeria,0,2,Austria,
1982,21.jun.82,17:15,Group_4,Jose_Zorrilla,Valladolid,Spain,France,4,1,Kuwait,
1982,21.jun.82,21:00,Group_5,La_Romareda,Zaragoza,Spain,Honduras,1,1,Northern_Ireland,
1982,22.jun.82,17:15,Group_1,Riazor,La_Coru???A,Spain,Poland,5,1,Peru,
1982,22.jun.82,21:00,Group_3,Nuevo_Estadio,Elche,Spain,Belgium,1,1,Hungary,
1982,22.jun.82,21:00,Group_6,La_Rosaleda,Malaga,Spain,Soviet_Union,2,2,Scotland,
1982,23.jun.82,17:15,Group_1,Estadio_Municipal_de_Bala???dos,Vigo,Spain,Italy,1,1,Cameroon,
1982,23.jun.82,21:00,Group_3,Jose_Rico_Perez,Alicante,Spain,Argentina,2,0,El_Salvador,
1982,23.jun.82,21:00,Group_6,Benito_Villamarin,Seville,Spain,Brazil,4,0,New_Zealand,
1982,24.jun.82,17:15,Group_2,Carlos_Tartiere,Oviedo,Spain,Algeria,3,2,Chile,
1982,24.jun.82,17:15,Group_4,Jose_Zorrilla,Valladolid,Spain,France,1,1,Czechoslovakia,
1982,24.jun.82,21:00,Group_5,La_Romareda,Zaragoza,Spain,Honduras,0,1,Yugoslavia,
1982,25.jun.82,17:15,Group_2,El_Molinon,Gijon,Spain,Germany_FR,1,0,Austria,
1982,25.jun.82,17:15,Group_4,San_Mames,Bilbao,Spain,England,1,0,Kuwait,
1982,25.jun.82,21:00,Group_5,Luis_Casanova,Valencia,Spain,Northern_Ireland,1,0,Spain,
1982,28.jun.82,17:15,Group_4,Vicente_Calderon,Madrid,Spain,Austria,0,1,France,
1982,28.jun.82,21:00,Group_1,Camp_Nou,Barcelona,Spain,Poland,3,0,Belgium,
1982,29.jun.82,17:15,Group_3,Sarria,Barcelona,Spain,Italy,2,1,Argentina,
1982,29.jun.82,21:00,Group_2,Santiago_Bernabeu,Madrid,Spain,Germany_FR,0,0,England,
1982,01.jul.82,17:15,Group_4,Vicente_Calderon,Madrid,Spain,Austria,2,2,Northern_Ireland,
1982,01.jul.82,21:00,Group_1,Camp_Nou,Barcelona,Spain,Belgium,0,1,Soviet_Union,
1982,02.jul.82,17:15,Group_3,Sarria,Barcelona,Spain,Argentina,1,3,Brazil,
1982,02.jul.82,21:00,Group_2,Santiago_Bernabeu,Madrid,Spain,Germany_FR,2,1,Spain,
1982,04.jul.82,17:15,Group_4,Vicente_Calderon,Madrid,Spain,France,4,1,Northern_Ireland,
1982,04.jul.82,21:00,Group_1,Camp_Nou,Barcelona,Spain,Poland,0,0,Soviet_Union,
1982,05.jul.82,17:15,Group_3,Sarria,Barcelona,Spain,Italy,3,2,Brazil,
1982,05.jul.82,21:00,Group_2,Santiago_Bernabeu,Madrid,Spain,Spain,0,0,England,
1982,08.jul.82,17:15,Semi-finals,Camp_Nou,Barcelona,Spain,Poland,0,2,Italy,
1982,08.jul.82,21:00,Semi-finals,Ramon_Sanchez_Pizjuan,Seville,Spain,Germany_FR,3,3,France,win_on_penalties_(5_-_4)_
1982,10.jul.82,20:00,Match_for_third_place,Jose_Rico_Perez,Alicante,Spain,Poland,3,2,France,
1982,11.jul.82,20:00,Final,Santiago_Bernabeu,Madrid,Spain,Italy,3,1,Germany_FR,
1986,31.maj.86,12:00,Group_A,Estadio_Azteca,Mexico_City,Mexico,Bulgaria,1,1,Italy,
1986,01.jun.86,16:00,Group_C,Nou_Camp_-_Estadio_Le???n,Leon,Mexico,Canada,0,1,France,
1986,01.jun.86,12:00,Group_D,Jalisco,Guadalajara,Mexico,Spain,0,1,Brazil,
1986,02.jun.86,12:00,Group_C,Estadio_Irapuato,Irapuato,Mexico,Soviet_Union,6,0,Hungary,
1986,02.jun.86,12:00,Group_A,Estadio_Ol???mpico_Universitario,Mexico_City,Mexico,Argentina,3,1,Korea_Republic,
1986,02.jun.86,16:00,Group_F,Estadio_Universitario,Monterrey,Mexico,Morocco,0,0,Poland,
1986,03.jun.86,12:00,Group_D,Tres_de_Marzo,Guadalajara,Mexico,Algeria,1,1,Northern_Ireland,
1986,03.jun.86,12:00,Group_B,Estadio_Azteca,Mexico_City,Mexico,Belgium,1,2,Mexico,
1986,03.jun.86,16:00,Group_F,Tecnologico,Monterrey,Mexico,Portugal,1,0,England,
1986,04.jun.86,12:00,Group_B,Bombonera_-_Estadio_Nemesio_Diez,Toluca,Mexico,Paraguay,1,0,Iraq,
1986,04.jun.86,16:00,Group_E,Neza,Nezahualcoyotl,Mexico,Scotland,0,1,Denmark,
1986,04.jun.86,12:00,Group_E,Estadio_Corregidora,Queretaro,Mexico,Uruguay,1,1,Germany_FR,
1986,05.jun.86,12:00,Group_A,Cuauhtemoc,Puebla,Mexico,Italy,1,1,Argentina,
1986,05.jun.86,12:00,Group_C,Nou_Camp_-_Estadio_Le???n,Leon,Mexico,France,1,1,Soviet_Union,
1986,05.jun.86,16:00,Group_A,Estadio_Ol???mpico_Universitario,Mexico_City,Mexico,Korea_Republic,1,1,Bulgaria,
1986,06.jun.86,12:00,Group_C,Estadio_Irapuato,Irapuato,Mexico,Hungary,2,0,Canada,
1986,06.jun.86,12:00,Group_D,Jalisco,Guadalajara,Mexico,Brazil,1,0,Algeria,
1986,06.jun.86,16:00,Group_F,Tecnologico,Monterrey,Mexico,England,0,0,Morocco,
1986,07.jun.86,12:00,Group_D,Tres_de_Marzo,Guadalajara,Mexico,Northern_Ireland,1,2,Spain,
1986,07.jun.86,12:00,Group_B,Estadio_Azteca,Mexico_City,Mexico,Mexico,1,1,Paraguay,
1986,07.jun.86,16:00,Group_F,Estadio_Universitario,Monterrey,Mexico,Poland,1,0,Portugal,
1986,08.jun.86,12:00,Group_B,Bombonera_-_Estadio_Nemesio_Diez,Toluca,Mexico,Iraq,1,2,Belgium,
1986,08.jun.86,16:00,Group_E,Neza,Nezahualcoyotl,Mexico,Denmark,6,1,Uruguay,
1986,08.jun.86,12:00,Group_E,Estadio_Corregidora,Queretaro,Mexico,Germany_FR,2,1,Scotland,
1986,09.jun.86,12:00,Group_C,Nou_Camp_-_Estadio_Le???n,Leon,Mexico,Hungary,0,3,France,
1986,09.jun.86,12:00,Group_C,Estadio_Irapuato,Irapuato,Mexico,Soviet_Union,2,0,Canada,
1986,10.jun.86,12:00,Group_A,Cuauhtemoc,Puebla,Mexico,Korea_Republic,2,3,Italy,
1986,10.jun.86,12:00,Group_A,Estadio_Ol???mpico_Universitario,Mexico_City,Mexico,Argentina,2,0,Bulgaria,
1986,11.jun.86,12:00,Group_B,Bombonera_-_Estadio_Nemesio_Diez,Toluca,Mexico,Paraguay,2,2,Belgium,
1986,11.jun.86,12:00,Group_B,Estadio_Azteca,Mexico_City,Mexico,Iraq,0,1,Mexico,
1986,11.jun.86,16:00,Group_F,Tres_de_Marzo,Guadalajara,Mexico,Portugal,1,3,Morocco,
1986,11.jun.86,16:00,Group_F,Tecnologico,Monterrey,Mexico,England,3,0,Poland,
1986,12.jun.86,12:00,Group_D,Jalisco,Guadalajara,Mexico,Northern_Ireland,0,3,Brazil,
1986,12.jun.86,12:00,Group_D,Tecnologico,Monterrey,Mexico,Algeria,0,3,Spain,
1986,13.jun.86,12:00,Group_E,Neza,Nezahualcoyotl,Mexico,Scotland,0,0,Uruguay,
1986,13.jun.86,12:00,Group_E,Estadio_Corregidora,Queretaro,Mexico,Denmark,2,0,Germany_FR,
1986,15.jun.86,16:00,Round_of_16,Nou_Camp_-_Estadio_Le???n,Leon,Mexico,Soviet_Union,3,4,Belgium,Belgium_win_after_extra_time_
1986,15.jun.86,12:00,Round_of_16,Estadio_Azteca,Mexico_City,Mexico,Mexico,2,0,Bulgaria,
1986,16.jun.86,16:00,Round_of_16,Cuauhtemoc,Puebla,Mexico,Argentina,1,0,Uruguay,
1986,16.jun.86,12:00,Round_of_16,Jalisco,Guadalajara,Mexico,Brazil,4,0,Poland,
1986,17.jun.86,12:00,Round_of_16,Estadio_Ol???mpico_Universitario,Mexico_City,Mexico,Italy,0,2,France,
1986,17.jun.86,16:00,Round_of_16,Estadio_Universitario,Monterrey,Mexico,Morocco,0,1,Germany_FR,
1986,18.jun.86,12:00,Round_of_16,Estadio_Azteca,Mexico_City,Mexico,England,3,0,Paraguay,
1986,18.jun.86,16:00,Round_of_16,Estadio_Corregidora,Queretaro,Mexico,Denmark,1,5,Spain,
1986,21.jun.86,12:00,Quarter-finals,Jalisco,Guadalajara,Mexico,Brazil,1,1,France,France_win_on_penalties_(3_-_4)_
1986,21.jun.86,16:00,Quarter-finals,Estadio_Universitario,Monterrey,Mexico,Germany_FR,0,0,Mexico,Germany_FR_win_on_penalties_(4_-_1)_
1986,22.jun.86,16:00,Quarter-finals,Cuauhtemoc,Puebla,Mexico,Spain,1,1,Belgium,Belgium_win_on_penalties_(4_-_5)_
1986,22.jun.86,12:00,Quarter-finals,Estadio_Azteca,Mexico_City,Mexico,Argentina,2,1,England,
1986,25.jun.86,12:00,Semi-finals,Jalisco,Guadalajara,Mexico,France,0,2,Germany_FR,
1986,25.jun.86,16:00,Semi-finals,Estadio_Azteca,Mexico_City,Mexico,Argentina,2,0,Belgium,
1986,28.jun.86,12:00,Match_for_third_place,Cuauhtemoc,Puebla,Mexico,France,4,2,Belgium,France_win_after_extra_time_
1986,29.jun.86,12:00,Final,Estadio_Azteca,Mexico_City,Mexico,Argentina,3,2,Germany_FR,
1990,08.jun.90,18:00,Group_B,Giuseppe_Meazza,Milan,Italy,Argentina,0,1,Cameroon,
1990,09.jun.90,17:00,Group_B,Stadio_San_Nicola,Bari,Italy,Soviet_Union,0,2,Romania,
1990,09.jun.90,17:00,Group_D,Renato_Dall_Ara,Bologna,Italy,United_Arab_Emirates,0,2,Colombia,
1990,09.jun.90,21:00,Group_A,Stadio_Olimpico,Rome,Italy,Italy,1,0,Austria,
1990,10.jun.90,17:00,Group_A,Comunale,Florence,Italy,USA,1,5,Czechoslovakia,
1990,10.jun.90,21:00,Group_C,Stadio_delle_Alpi,Turin,Italy,Brazil,2,1,Sweden,
1990,10.jun.90,21:00,Group_D,Giuseppe_Meazza,Milan,Italy,Germany_FR,4,1,Yugoslavia,
1990,11.jun.90,17:00,Group_C,Luigi_Ferraris,Genoa,Italy,Costa_Rica,1,0,Scotland,
1990,11.jun.90,21:00,Group_F,Sant_Elia,Cagliari,Italy,England,1,1,Republic_of_Ireland,
1990,12.jun.90,17:00,Group_E,Marc_Antonio_Bentegodi,Verona,Italy,Belgium,2,0,Korea_Republic,
1990,12.jun.90,21:00,Group_F,Della_Favorita,Palermo,Italy,Netherlands,1,1,Egypt,
1990,13.jun.90,17:00,Group_E,Dacia_Arena,Udine,Italy,Uruguay,0,0,Spain,
1990,13.jun.90,21:00,Group_B,San_Paolo,Naples,Italy,Argentina,2,0,Soviet_Union,
1990,14.jun.90,17:00,Group_B,Stadio_San_Nicola,Bari,Italy,Cameroon,2,1,Romania,
1990,14.jun.90,17:00,Group_D,Renato_Dall_Ara,Bologna,Italy,Yugoslavia,1,0,Colombia,
1990,14.jun.90,21:00,Group_A,Stadio_Olimpico,Rome,Italy,Italy,1,0,USA,
1990,15.jun.90,17:00,Group_A,Comunale,Florence,Italy,Austria,0,1,Czechoslovakia,
1990,15.jun.90,21:00,Group_D,Giuseppe_Meazza,Milan,Italy,Germany_FR,5,1,United_Arab_Emirates,
1990,16.jun.90,17:00,Group_C,Stadio_delle_Alpi,Turin,Italy,Brazil,1,0,Costa_Rica,
1990,16.jun.90,21:00,Group_C,Luigi_Ferraris,Genoa,Italy,Sweden,1,2,Scotland,
1990,16.jun.90,21:00,Group_F,Sant_Elia,Cagliari,Italy,England,0,0,Netherlands,
1990,17.jun.90,17:00,Group_F,Della_Favorita,Palermo,Italy,Republic_of_Ireland,0,0,Egypt,
1990,17.jun.90,21:00,Group_E,Dacia_Arena,Udine,Italy,Korea_Republic,1,3,Spain,
1990,17.jun.90,21:00,Group_E,Marc_Antonio_Bentegodi,Verona,Italy,Belgium,3,1,Uruguay,
1990,18.jun.90,21:00,Group_B,San_Paolo,Naples,Italy,Argentina,1,1,Romania,
1990,18.jun.90,21:00,Group_B,Stadio_San_Nicola,Bari,Italy,Cameroon,0,4,Soviet_Union,
1990,19.jun.90,17:00,Group_D,Giuseppe_Meazza,Milan,Italy,Germany_FR,1,1,Colombia,
1990,19.jun.90,17:00,Group_D,Renato_Dall_Ara,Bologna,Italy,Yugoslavia,4,1,United_Arab_Emirates,
1990,19.jun.90,21:00,Group_A,Stadio_Olimpico,Rome,Italy,Italy,2,0,Czechoslovakia,
1990,19.jun.90,21:00,Group_A,Comunale,Florence,Italy,Austria,2,1,USA,
1990,20.jun.90,21:00,Group_C,Stadio_delle_Alpi,Turin,Italy,Brazil,1,0,Scotland,
1990,20.jun.90,21:00,Group_C,Luigi_Ferraris,Genoa,Italy,Sweden,1,2,Costa_Rica,
1990,21.jun.90,17:00,Group_E,Friuli,Udine,Italy,Korea_Republic,0,1,Uruguay,
1990,21.jun.90,17:00,Group_E,Marc_Antonio_Bentegodi,Verona,Italy,Belgium,1,2,Spain,
1990,21.jun.90,21:00,Group_F,Della_Favorita,Palermo,Italy,Republic_of_Ireland,1,1,Netherlands,
1990,21.jun.90,21:00,Group_F,Sant_Elia,Cagliari,Italy,England,1,0,Egypt,
1990,23.jun.90,17:00,Round_of_16,San_Paolo,Naples,Italy,Cameroon,2,1,Colombia,Cameroon_win_after_extra_time_
1990,23.jun.90,21:00,Round_of_16,Stadio_San_Nicola,Bari,Italy,Czechoslovakia,4,1,Costa_Rica,
1990,24.jun.90,17:00,Round_of_16,Stadio_delle_Alpi,Turin,Italy,Brazil,0,1,Argentina,
1990,24.jun.90,21:00,Round_of_16,Giuseppe_Meazza,Milan,Italy,Germany_FR,2,1,Netherlands,
1990,25.jun.90,17:00,Round_of_16,Luigi_Ferraris,Genoa,Italy,Republic_of_Ireland,0,0,Romania,Republic_of_Ireland_win_on_penalties_(5_-_4)_
1990,25.jun.90,21:00,Round_of_16,Stadio_Olimpico,Rome,Italy,Italy,2,0,Uruguay,
1990,26.jun.90,17:00,Round_of_16,Marc_Antonio_Bentegodi,Verona,Italy,Spain,1,2,Yugoslavia,Yugoslavia_win_after_extra_time_
1990,26.jun.90,21:00,Round_of_16,Renato_Dall_Ara,Bologna,Italy,England,1,0,Belgium,England_win_after_extra_time_
1990,30.jun.90,17:00,Quarter-finals,Comunale,Florence,Italy,Yugoslavia,0,0,Argentina,win_on_penalties_(2_-_3)_
1990,30.jun.90,21:00,Quarter-finals,Stadio_Olimpico,Rome,Italy,Italy,1,0,Republic_of_Ireland,
1990,01.jul.90,17:00,Quarter-finals,Giuseppe_Meazza,Milan,Italy,Germany_FR,1,0,Czechoslovakia,
1990,01.jul.90,21:00,Quarter-finals,San_Paolo,Naples,Italy,England,3,2,Cameroon,England_win_after_extra_time_
1990,03.jul.90,20:00,Semi-finals,San_Paolo,Naples,Italy,Italy,1,1,Argentina,win_on_penalties_(3_-_4)_
1990,04.jul.90,20:00,Semi-finals,Stadio_delle_Alpi,Turin,Italy,Germany_FR,1,1,England,win_on_penalties_(4_-_3)_
1990,07.jul.90,20:00,Match_for_third_place,Stadio_San_Nicola,Bari,Italy,Italy,2,1,England,
1990,08.jul.90,20:00,Final,Stadio_Olimpico,Rome,Italy,Germany_FR,1,0,Argentina,
1994,17.jun.94,19:30,Group_C,Cotton_Bowl,Dallas,USA,Spain,2,2,Korea_Republic,
1994,17.jun.94,15:00,Group_C,Soldier_Field,Chicago,USA,Germany,1,0,Bolivia,
1994,18.jun.94,11:30,Group_A,Pontiac_Silverdome,Detroit,USA,USA,1,1,Switzerland,
1994,18.jun.94,16:00,Group_E,Giants_Stadium,New_York/New_Jersey,USA,Italy,0,1,Republic_of_Ireland,
1994,18.jun.94,19:30,Group_A,Rose_Bowl,Los_Angeles,USA,Colombia,1,3,Romania,
1994,19.jun.94,12:30,Group_F,Citrus_Bowl,Orlando,USA,Belgium,1,0,Morocco,
1994,19.jun.94,16:00,Group_E,RFK_Stadium,Washington_Dc,USA,Norway,1,0,Mexico,
1994,19.jun.94,19:30,Group_B,Rose_Bowl,Los_Angeles,USA,Cameroon,2,2,Sweden,
1994,20.jun.94,19:30,Group_F,RFK_Stadium,Washington_Dc,USA,Netherlands,2,1,Saudi_Arabia,
1994,20.jun.94,16:00,Group_B,Stanford_Stadium,San_Francisco,USA,Brazil,2,0,Russia,
1994,21.jun.94,12:30,Group_D,Foxboro_Stadium,Boston,USA,Argentina,4,0,Greece,
1994,21.jun.94,19:30,Group_D,Cotton_Bowl,Dallas,USA,Nigeria,3,0,Bulgaria,
1994,21.jun.94,16:00,Group_C,Soldier_Field,Chicago,USA,Germany,1,1,Spain,
1994,22.jun.94,16:00,Group_A,Pontiac_Silverdome,Detroit,USA,Romania,1,4,Switzerland,
1994,22.jun.94,19:30,Group_A,Rose_Bowl,Los_Angeles,USA,USA,2,1,Colombia,
1994,23.jun.94,16:00,Group_E,Giants_Stadium,New_York/New_Jersey,USA,Italy,1,0,Norway,
1994,23.jun.94,19:30,Group_C,Foxboro_Stadium,Boston,USA,Korea_Republic,0,0,Bolivia,
1994,24.jun.94,12:30,Group_E,Citrus_Bowl,Orlando,USA,Mexico,2,1,Republic_of_Ireland,
1994,24.jun.94,19:30,Group_B,Pontiac_Silverdome,Detroit,USA,Sweden,3,1,Russia,
1994,24.jun.94,16:00,Group_B,Stanford_Stadium,San_Francisco,USA,Brazil,3,0,Cameroon,
1994,25.jun.94,12:30,Group_F,Citrus_Bowl,Orlando,USA,Belgium,1,0,Netherlands,
1994,25.jun.94,12:30,Group_F,Giants_Stadium,New_York/New_Jersey,USA,Saudi_Arabia,2,1,Morocco,
1994,25.jun.94,16:00,Group_D,Foxboro_Stadium,Boston,USA,Argentina,2,1,Nigeria,
1994,26.jun.94,12:30,Group_D,Soldier_Field,Chicago,USA,Bulgaria,4,0,Greece,
1994,26.jun.94,16:00,Group_A,Rose_Bowl,Los_Angeles,USA,USA,0,1,Romania,
1994,26.jun.94,16:00,Group_A,Stanford_Stadium,San_Francisco,USA,Switzerland,0,2,Colombia,
1994,27.jun.94,16:00,Group_C,Cotton_Bowl,Dallas,USA,Germany,3,2,Korea_Republic,
1994,27.jun.94,16:00,Group_C,Soldier_Field,Chicago,USA,Bolivia,1,3,Spain,
1994,28.jun.94,12:30,Group_E,Giants_Stadium,New_York/New_Jersey,USA,Republic_of_Ireland,0,0,Norway,
1994,28.jun.94,16:00,Group_B,Pontiac_Silverdome,Detroit,USA,Brazil,1,1,Sweden,
1994,28.jun.94,12:30,Group_E,RFK_Stadium,Washington_Dc,USA,Italy,1,1,Mexico,
1994,28.jun.94,16:00,Group_B,Stanford_Stadium,San_Francisco,USA,Russia,6,1,Cameroon,
1994,29.jun.94,12:30,Group_F,Citrus_Bowl,Orlando,USA,Morocco,1,2,Netherlands,
1994,29.jun.94,12:30,Group_F,RFK_Stadium,Washington_Dc,USA,Belgium,0,1,Saudi_Arabia,
1994,30.jun.94,19:30,Group_D,Foxboro_Stadium,Boston,USA,Greece,0,2,Nigeria,
1994,30.jun.94,19:30,Group_D,Cotton_Bowl,Dallas,USA,Argentina,0,2,Bulgaria,
1994,02.jul.94,12:00,Round_of_16,Soldier_Field,Chicago,USA,Germany,3,2,Belgium,
1994,02.jul.94,16:30,Round_of_16,RFK_Stadium,Washington_Dc,USA,Spain,3,0,Switzerland,
1994,03.jul.94,12:00,Round_of_16,Cotton_Bowl,Dallas,USA,Saudi_Arabia,1,3,Sweden,
1994,03.jul.94,13:30,Round_of_16,Rose_Bowl,Los_Angeles,USA,Romania,3,2,Argentina,
1994,04.jul.94,12:00,Round_of_16,Citrus_Bowl,Orlando,USA,Netherlands,2,0,Republic_of_Ireland,
1994,04.jul.94,12:30,Round_of_16,Stanford_Stadium,San_Francisco,USA,Brazil,1,0,USA,
1994,05.jul.94,13:00,Round_of_16,Foxboro_Stadium,Boston,USA,Nigeria,1,2,Italy,Italy_win_after_extra_time_
1994,05.jul.94,16:30,Round_of_16,Giants_Stadium,New_York/New_Jersey,USA,Mexico,1,1,Bulgaria,Bulgaria_win_on_penalties_(1_-_3)_
1994,09.jul.94,12:00,Quarter-finals,Foxboro_Stadium,Boston,USA,Italy,2,1,Spain,
1994,09.jul.94,14:30,Quarter-finals,Cotton_Bowl,Dallas,USA,Netherlands,2,3,Brazil,
1994,10.jul.94,12:00,Quarter-finals,Giants_Stadium,New_York/New_Jersey,USA,Bulgaria,2,1,Germany,
1994,10.jul.94,12:30,Quarter-finals,Stanford_Stadium,San_Francisco,USA,Romania,2,2,Sweden,Sweden_win_on_penalties_(4_-_5)_
1994,13.jul.94,16:00,Semi-finals,Giants_Stadium,New_York/New_Jersey,USA,Bulgaria,1,2,Italy,
1994,13.jul.94,16:30,Semi-finals,Rose_Bowl,Los_Angeles,USA,Sweden,0,1,Brazil,
1994,16.jul.94,12:30,Match_for_third_place,Rose_Bowl,Los_Angeles,USA,Sweden,4,0,Bulgaria,
1994,17.jul.94,12:30,Final,Rose_Bowl,Los_Angeles,USA,Brazil,0,0,Italy,Brazil_win_on_penalties_(3_-_2)_
1998,10.jun.98,17:30,Group_A,Stade_de_France,Saint-Denis,France,Brazil,2,1,Scotland,
1998,10.jun.98,21:00,Group_A,La_Mosson,Montpellier,France,Morocco,2,2,Norway,
1998,11.jun.98,17:30,Group_B,Stade_du_Parc_Lescure,Bordeaux,France,Italy,2,2,Chile,
1998,11.jun.98,21:00,Group_B,Stade_Municipal,Toulouse,France,Cameroon,1,1,Austria,
1998,12.jun.98,14:30,Group_D,La_Mosson,Montpellier,France,Paraguay,0,0,Bulgaria,
1998,12.jun.98,17:30,Group_C,Stade_Felix_Bollaert,Lens,France,Saudi_Arabia,0,1,Denmark,
1998,12.jun.98,21:00,Group_C,Stade_V???lodrome,Marseilles,France,France,3,0,South_Africa,
1998,13.jun.98,14:30,Group_D,La_Beaujoire,Nantes,France,Spain,2,3,Nigeria,
1998,13.jun.98,17:30,Group_E,Stade_de_Gerland,Lyon,France,Korea_Republic,1,3,Mexico,
1998,13.jun.98,21:00,Group_E,Stade_de_France,Saint-Denis,France,Netherlands,0,0,Belgium,
1998,14.jun.98,14:30,Group_H,Stade_Municipal,Toulouse,France,Argentina,1,0,Japan,
1998,14.jun.98,17:30,Group_F,Stade_Geoffroy_Guichard,Saint-Etienne,France,Yugoslavia,1,0,Iran,
1998,14.jun.98,21:00,Group_H,Stade_Felix_Bollaert,Lens,France,Jamaica,1,3,Croatia,
1998,15.jun.98,14:30,Group_G,Stade_V???lodrome,Marseilles,France,England,2,0,Tunisia,
1998,15.jun.98,17:30,Group_G,Stade_de_Gerland,Lyon,France,Romania,1,0,Colombia,
1998,15.jun.98,21:00,Group_F,Parc_des_Princes,Paris,France,Germany,2,0,USA,
1998,16.jun.98,17:30,Group_A,Stade_du_Parc_Lescure,Bordeaux,France,Scotland,1,1,Norway,
1998,16.jun.98,21:00,Group_A,La_Beaujoire,Nantes,France,Brazil,3,0,Morocco,
1998,17.jun.98,17:30,Group_B,Stade_Geoffroy_Guichard,Saint-Etienne,France,Chile,1,1,Austria,
1998,17.jun.98,21:00,Group_B,La_Mosson,Montpellier,France,Italy,3,0,Cameroon,
1998,18.jun.98,17:30,Group_C,Stade_Municipal,Toulouse,France,South_Africa,1,1,Denmark,
1998,18.jun.98,21:00,Group_C,Stade_de_France,Saint-Denis,France,France,4,0,Saudi_Arabia,
1998,19.jun.98,17:30,Group_D,Parc_des_Princes,Paris,France,Nigeria,1,0,Bulgaria,
1998,19.jun.98,21:00,Group_D,Stade_Geoffroy_Guichard,Saint-Etienne,France,Spain,0,0,Paraguay,
1998,20.jun.98,14:30,Group_H,La_Beaujoire,Nantes,France,Japan,0,1,Croatia,
1998,20.jun.98,17:30,Group_E,Stade_du_Parc_Lescure,Bordeaux,France,Belgium,2,2,Mexico,
1998,20.jun.98,21:00,Group_E,Stade_V???lodrome,Marseilles,France,Netherlands,5,0,Korea_Republic,
1998,21.jun.98,14:30,Group_F,Stade_Felix_Bollaert,Lens,France,Germany,2,2,Yugoslavia,
1998,21.jun.98,17:30,Group_H,Parc_des_Princes,Paris,France,Argentina,5,0,Jamaica,
1998,21.jun.98,21:00,Group_F,Stade_de_Gerland,Lyon,France,USA,1,2,Iran,
1998,22.jun.98,17:30,Group_G,La_Mosson,Montpellier,France,Colombia,1,0,Tunisia,
1998,22.jun.98,21:00,Group_G,Stade_Municipal,Toulouse,France,Romania,2,1,England,
1998,23.jun.98,16:00,Group_B,Stade_de_France,Saint-Denis,France,Italy,2,1,Austria,
1998,23.jun.98,16:00,Group_B,La_Beaujoire,Nantes,France,Chile,1,1,Cameroon,
1998,23.jun.98,21:00,Group_A,Stade_Geoffroy_Guichard,Saint-Etienne,France,Scotland,0,3,Morocco,
1998,23.jun.98,21:00,Group_A,Stade_V???lodrome,Marseilles,France,Brazil,1,2,Norway,
1998,24.jun.98,16:00,Group_C,Stade_de_Gerland,Lyon,France,France,2,1,Denmark,
1998,24.jun.98,16:00,Group_C,Stade_du_Parc_Lescure,Bordeaux,France,South_Africa,2,2,Saudi_Arabia,
1998,24.jun.98,21:00,Group_D,Stade_Felix_Bollaert,Lens,France,Spain,6,1,Bulgaria,
1998,24.jun.98,21:00,Group_D,Stade_Municipal,Toulouse,France,Nigeria,1,3,Paraguay,
1998,25.jun.98,16:00,Group_E,Parc_des_Princes,Paris,France,Belgium,1,1,Korea_Republic,
1998,25.jun.98,16:00,Group_E,Stade_Geoffroy_Guichard,Saint-Etienne,France,Netherlands,2,2,Mexico,
1998,25.jun.98,21:00,Group_F,La_Mosson,Montpellier,France,Germany,2,0,Iran,
1998,25.jun.98,21:00,Group_F,La_Beaujoire,Nantes,France,USA,0,1,Yugoslavia,
1998,26.jun.98,16:00,Group_H,Stade_de_Gerland,Lyon,France,Japan,1,2,Jamaica,
1998,26.jun.98,16:00,Group_H,Stade_du_Parc_Lescure,Bordeaux,France,Argentina,1,0,Croatia,
1998,26.jun.98,21:00,Group_G,Stade_de_France,Saint-Denis,France,Romania,1,1,Tunisia,
1998,26.jun.98,21:00,Group_G,Stade_Felix_Bollaert,Lens,France,Colombia,0,2,England,
1998,27.jun.98,16:30,Round_of_16,Stade_V???lodrome,Marseilles,France,Italy,1,0,Norway,
1998,27.jun.98,21:00,Round_of_16,Parc_des_Princes,Paris,France,Brazil,4,1,Chile,
1998,28.jun.98,16:30,Round_of_16,Stade_Felix_Bollaert,Lens,France,France,1,0,Paraguay,France_win_after_extra_time_
1998,28.jun.98,21:00,Round_of_16,Stade_de_France,Saint-Denis,France,Nigeria,1,4,Denmark,
1998,29.jun.98,16:30,Round_of_16,La_Mosson,Montpellier,France,Germany,2,1,Mexico,
1998,29.jun.98,21:00,Round_of_16,Stade_Municipal,Toulouse,France,Netherlands,2,1,Yugoslavia,
1998,30.jun.98,16:30,Round_of_16,Stade_du_Parc_Lescure,Bordeaux,France,Romania,0,1,Croatia,
1998,30.jun.98,21:00,Round_of_16,Stade_Geoffroy_Guichard,Saint-Etienne,France,Argentina,2,2,England,Argentina_win_on_penalties_(4_-_3)_
1998,03.jul.98,16:30,Quarter-finals,Stade_de_France,Saint-Denis,France,Italy,0,0,France,France_win_on_penalties_(3_-_4)_
1998,03.jul.98,21:00,Quarter-finals,La_Beaujoire,Nantes,France,Brazil,3,2,Denmark,
1998,04.jul.98,16:30,Quarter-finals,Stade_V???lodrome,Marseilles,France,Netherlands,2,1,Argentina,
1998,04.jul.98,21:00,Quarter-finals,Stade_de_Gerland,Lyon,France,Germany,0,3,Croatia,
1998,07.jul.98,21:00,Semi-finals,Stade_V???lodrome,Marseilles,France,Brazil,1,1,Netherlands,Brazil_win_on_penalties_(4_-_2)_
1998,08.jul.98,21:00,Semi-finals,Stade_de_France,Saint-Denis,France,France,2,1,Croatia,
1998,11.jul.98,21:00,Match_for_third_place,Parc_des_Princes,Paris,France,Netherlands,1,2,Croatia,
1998,12.jul.98,21:00,Final,Stade_de_France,Saint-Denis,France,Brazil,0,3,France,
2002,31.maj.02,20:30,Group_A,Seoul_World_Cup_Stadium,Seoul,Korea/Japan,France,0,1,Senegal,
2002,01.jun.02,18:00,Group_A,Munsu_Football_Stadium,Ulsan,Korea/Japan,Uruguay,1,2,Denmark,
2002,01.jun.02,15:30,Group_E,Niigata_Stadium_Big_Swan,Niigata,Korea/Japan,Republic_of_Ireland,1,1,Cameroon,
2002,01.jun.02,20:30,Group_E,Sapporo_Dome,Sapporo,Korea/Japan,Germany,8,0,Saudi_Arabia,
2002,02.jun.02,14:30,Group_F,Kashima_Stadium,Ibaraki,Korea/Japan,Argentina,1,0,Nigeria,
2002,02.jun.02,16:30,Group_B,Busan_Asiad_Main_Stadium,Busan,Korea/Japan,Paraguay,2,2,South_Africa,
2002,02.jun.02,18:30,Group_F,Saitama_Stadium_2002,Saitama,Korea/Japan,England,1,1,Sweden,
2002,02.jun.02,20:30,Group_B,Gwangju_World_Cup_Stadium,Gwangju,Korea/Japan,Spain,3,1,Slovenia,
2002,03.jun.02,18:00,Group_C,Munsu_Football_Stadium,Ulsan,Korea/Japan,Brazil,2,1,Turkey,
2002,03.jun.02,20:30,Group_G,Sapporo_Dome,Sapporo,Korea/Japan,Italy,2,0,Ecuador,
2002,03.jun.02,15:30,Group_G,Niigata_Stadium_Big_Swan,Niigata,Korea/Japan,Croatia,0,1,Mexico,
2002,04.jun.02,15:30,Group_C,Gwangju_World_Cup_Stadium,Gwangju,Korea/Japan,China_PR,0,2,Costa_Rica,
2002,04.jun.02,18:00,Group_H,Saitama_Stadium_2002,Saitama,Korea/Japan,Japan,2,2,Belgium,
2002,04.jun.02,20:30,Group_D,Busan_Asiad_Main_Stadium,Busan,Korea/Japan,Korea_Republic,2,0,Poland,
2002,05.jun.02,15:30,Group_H,Kobe_Wing_Stadium,Kobe,Korea/Japan,Russia,2,0,Tunisia,
2002,05.jun.02,18:00,Group_D,Suwon_World_Cup_Stadium,Suwon,Korea/Japan,USA,3,2,Portugal,
2002,05.jun.02,20:30,Group_E,Kashima_Stadium,Ibaraki,Korea/Japan,Germany,1,1,Republic_of_Ireland,
2002,06.jun.02,15:30,Group_A,Daegu_World_Cup_Stadium,Daegu,Korea/Japan,Denmark,1,1,Senegal,
2002,06.jun.02,18:00,Group_E,Saitama_Stadium_2002,Saitama,Korea/Japan,Cameroon,1,0,Saudi_Arabia,
2002,06.jun.02,20:30,Group_A,Busan_Asiad_Main_Stadium,Busan,Korea/Japan,France,0,0,Uruguay,
2002,07.jun.02,15:30,Group_F,Kobe_Wing_Stadium,Kobe,Korea/Japan,Sweden,2,1,Nigeria,
2002,07.jun.02,20:30,Group_F,Sapporo_Dome,Sapporo,Korea/Japan,Argentina,0,1,England,
2002,07.jun.02,18:00,Group_B,Jeonju_World_Cup_Stadium,Jeonju,Korea/Japan,Spain,3,1,Paraguay,
2002,08.jun.02,15:30,Group_B,Daegu_World_Cup_Stadium,Daegu,Korea/Japan,South_Africa,1,0,Slovenia,
2002,08.jun.02,20:30,Group_C,Jeju_World_Cup_Stadium,Jeju,Korea/Japan,Brazil,4,0,China_PR,
2002,08.jun.02,18:00,Group_G,Kashima_Stadium,Ibaraki,Korea/Japan,Italy,1,2,Croatia,
2002,09.jun.02,18:00,Group_C,Incheon_Football_Stadium,Incheon,Korea/Japan,Costa_Rica,1,1,Turkey,
2002,09.jun.02,20:30,Group_H,International_Stadium_Yokohama,Yokohama,Korea/Japan,Japan,1,0,Russia,
2002,09.jun.02,15:30,Group_G,Miyagi_Stadium,Rifu,Korea/Japan,Mexico,2,1,Ecuador,
2002,10.jun.02,15:30,Group_D,Daegu_World_Cup_Stadium,Daegu,Korea/Japan,Korea_Republic,1,1,USA,
2002,10.jun.02,20:30,Group_D,Jeonju_World_Cup_Stadium,Jeonju,Korea/Japan,Portugal,4,0,Poland,
2002,10.jun.02,18:00,Group_H,Oita_Stadium_Big_Eye,Oita,Korea/Japan,Tunisia,1,1,Belgium,
2002,11.jun.02,15:30,Group_A,Incheon_Football_Stadium,Incheon,Korea/Japan,Denmark,2,0,France,
2002,11.jun.02,15:30,Group_A,Suwon_World_Cup_Stadium,Suwon,Korea/Japan,Senegal,3,3,Uruguay,
2002,11.jun.02,20:30,Group_E,International_Stadium_Yokohama,Yokohama,Korea/Japan,Saudi_Arabia,0,3,Republic_of_Ireland,
2002,11.jun.02,20:30,Group_E,Shizuoka_Stadium_Ecopa,Shizuoka,Korea/Japan,Cameroon,0,2,Germany,
2002,12.jun.02,15:30,Group_F,Miyagi_Stadium,Rifu,Korea/Japan,Sweden,1,1,Argentina,
2002,12.jun.02,15:30,Group_F,Osaka_Nagai_Stadium,Osaka,Korea/Japan,Nigeria,0,0,England,
2002,12.jun.02,20:30,Group_B,Jeju_World_Cup_Stadium,Jeju,Korea/Japan,Slovenia,1,3,Paraguay,
2002,12.jun.02,20:30,Group_B,Daejeon_World_Cup_Stadium,Daejeon,Korea/Japan,South_Africa,2,3,Spain,
2002,13.jun.02,15:30,Group_C,Suwon_World_Cup_Stadium,Suwon,Korea/Japan,Costa_Rica,2,5,Brazil,
2002,13.jun.02,15:30,Group_C,Seoul_World_Cup_Stadium,Seoul,Korea/Japan,Turkey,3,0,China_PR,
2002,13.jun.02,20:30,Group_G,International_Stadium_Yokohama,Yokohama,Korea/Japan,Ecuador,1,0,Croatia,
2002,13.jun.02,20:30,Group_G,Oita_Stadium_Big_Eye,Oita,Korea/Japan,Mexico,1,1,Italy,
2002,14.jun.02,15:30,Group_H,Osaka_Nagai_Stadium,Osaka,Korea/Japan,Tunisia,0,2,Japan,
2002,14.jun.02,20:30,Group_D,Incheon_Football_Stadium,Incheon,Korea/Japan,Portugal,0,1,Korea_Republic,
2002,14.jun.02,20:30,Group_D,Daejeon_World_Cup_Stadium,Daejeon,Korea/Japan,Poland,3,1,USA,
2002,14.jun.02,15:30,Group_H,Shizuoka_Stadium_Ecopa,Shizuoka,Korea/Japan,Belgium,3,2,Russia,
2002,15.jun.02,20:30,Round_of_16,Niigata_Stadium_Big_Swan,Niigata,Korea/Japan,Denmark,0,3,England,
2002,15.jun.02,15:30,Round_of_16,Jeju_World_Cup_Stadium,Jeju,Korea/Japan,Germany,1,0,Paraguay,
2002,16.jun.02,20:30,Round_of_16,Suwon_World_Cup_Stadium,Suwon,Korea/Japan,Spain,1,1,Republic_of_Ireland,Spain_win_on_penalties_(3_-_2)_
2002,16.jun.02,15:30,Round_of_16,Oita_Stadium_Big_Eye,Oita,Korea/Japan,Sweden,1,2,Senegal,Win_on_Golden_Goal_
2002,17.jun.02,20:30,Round_of_16,Kobe_Wing_Stadium,Kobe,Korea/Japan,Brazil,2,0,Belgium,
2002,17.jun.02,15:30,Round_of_16,Jeonju_World_Cup_Stadium,Jeonju,Korea/Japan,Mexico,0,2,USA,
2002,18.jun.02,15:30,Round_of_16,Miyagi_Stadium,Rifu,Korea/Japan,Japan,0,1,Turkey,
2002,18.jun.02,20:30,Round_of_16,Daejeon_World_Cup_Stadium,Daejeon,Korea/Japan,Korea_Republic,2,1,Italy,Win_on_Golden_Goal_
2002,21.jun.02,15:30,Quarter-finals,Shizuoka_Stadium_Ecopa,Shizuoka,Korea/Japan,England,1,2,Brazil,
2002,21.jun.02,20:30,Quarter-finals,Munsu_Football_Stadium,Ulsan,Korea/Japan,Germany,1,0,USA,
2002,22.jun.02,20:30,Quarter-finals,Osaka_Nagai_Stadium,Osaka,Korea/Japan,Senegal,0,1,Turkey,Win_on_Golden_Goal_
2002,22.jun.02,15:30,Quarter-finals,Gwangju_World_Cup_Stadium,Gwangju,Korea/Japan,Spain,0,0,Korea_Republic,Korea_Republic_win_on_penalties_(3_-_5)_
2002,25.jun.02,20:30,Semi-finals,Seoul_World_Cup_Stadium,Seoul,Korea/Japan,Germany,1,0,Korea_Republic,
2002,26.jun.02,20:30,Semi-finals,Saitama_Stadium_2002,Saitama,Korea/Japan,Brazil,1,0,Turkey,
2002,29.jun.02,20:00,Third_place,Daegu_World_Cup_Stadium,Daegu,Korea/Japan,Korea_Republic,2,3,Turkey,
2002,30.jun.02,20:00,Final,International_Stadium_Yokohama,Yokohama,Korea/Japan,Germany,0,2,Brazil,
2006,09.jun.06,18:00,Group_A,FIFA_World_Cup_Stadium__Munich,Munich,Germany,Germany,4,2,Costa_Rica,
2006,09.jun.06,21:00,Group_A,FIFA_World_Cup_Stadium__Gelsenkirchen,Gelsenkirchen,Germany,Poland,0,2,Ecuador,
2006,10.jun.06,15:00,Group_B,FIFA_World_Cup_Stadium__Frankfurt,Frankfurt/Main,Germany,England,1,0,Paraguay,
2006,10.jun.06,18:00,Group_B,FIFA_World_Cup_Stadium__Dortmund,Dortmund,Germany,Trinidad_and_Tobago,0,0,Sweden,
2006,10.jun.06,21:00,Group_C,FIFA_World_Cup_Stadium__Hamburg,Hamburg,Germany,Argentina,2,1,C???te_d'Ivoire,
2006,11.jun.06,15:00,Group_C,Zentralstadion,Leipzig,Germany,Serbia_and_Montenegro,0,1,Netherlands,
2006,11.jun.06,18:00,Group_D,Franken-Stadion,Nuremberg,Germany,Mexico,3,1,Iran,
2006,11.jun.06,21:00,Group_D,FIFA_World_Cup_Stadium__Cologne,Cologne,Germany,Angola,0,1,Portugal,
2006,12.jun.06,15:00,Group_F,Fritz-Walter-Stadion,Kaiserslautern,Germany,Australia,3,1,Japan,
2006,12.jun.06,18:00,Group_E,FIFA_World_Cup_Stadium__Gelsenkirchen,Gelsenkirchen,Germany,USA,0,3,Czech_Republic,
2006,12.jun.06,21:00,Group_E,FIFA_World_Cup_Stadium__Hanover,Hanover,Germany,Italy,2,0,Ghana,
2006,13.jun.06,15:00,Group_G,FIFA_World_Cup_Stadium__Frankfurt,Frankfurt/Main,Germany,Korea_Republic,2,1,Togo,
2006,13.jun.06,18:00,Group_G,Gottlieb-Daimler-Stadion,Stuttgart,Germany,France,0,0,Switzerland,
2006,13.jun.06,21:00,Group_F,Olympiastadion,Berlin,Germany,Brazil,1,0,Croatia,
2006,14.jun.06,15:00,Group_H,Zentralstadion,Leipzig,Germany,Spain,4,0,Ukraine,
2006,14.jun.06,18:00,Group_H,FIFA_World_Cup_Stadium__Munich,Munich,Germany,Tunisia,2,2,Saudi_Arabia,
2006,14.jun.06,21:00,Group_A,FIFA_World_Cup_Stadium__Dortmund,Dortmund,Germany,Germany,1,0,Poland,
2006,15.jun.06,15:00,Group_A,FIFA_World_Cup_Stadium__Hamburg,Hamburg,Germany,Ecuador,3,0,Costa_Rica,
2006,15.jun.06,18:00,Group_B,Franken-Stadion,Nuremberg,Germany,England,2,0,Trinidad_and_Tobago,
2006,15.jun.06,21:00,Group_B,Olympiastadion,Berlin,Germany,Sweden,1,0,Paraguay,
2006,16.jun.06,15:00,Group_C,FIFA_World_Cup_Stadium__Gelsenkirchen,Gelsenkirchen,Germany,Argentina,6,0,Serbia_and_Montenegro,
2006,16.jun.06,18:00,Group_C,Gottlieb-Daimler-Stadion,Stuttgart,Germany,Netherlands,2,1,C???te_d'Ivoire,
2006,16.jun.06,21:00,Group_D,FIFA_World_Cup_Stadium__Hanover,Hanover,Germany,Mexico,0,0,Angola,
2006,17.jun.06,15:00,Group_D,FIFA_World_Cup_Stadium__Frankfurt,Frankfurt/Main,Germany,Portugal,2,0,IR_Iran,
2006,17.jun.06,18:00,Group_E,FIFA_World_Cup_Stadium__Cologne,Cologne,Germany,Czech_Republic,0,2,Ghana,
2006,17.jun.06,21:00,Group_E,Fritz-Walter-Stadion,Kaiserslautern,Germany,Italy,1,1,USA,
2006,18.jun.06,15:00,Group_F,Franken-Stadion,Nuremberg,Germany,Japan,0,0,Croatia,
2006,18.jun.06,18:00,Group_F,FIFA_World_Cup_Stadium__Munich,Munich,Germany,Brazil,2,0,Australia,
2006,18.jun.06,21:00,Group_G,Zentralstadion,Leipzig,Germany,France,1,1,Korea_Republic,
2006,19.jun.06,15:00,Group_G,FIFA_World_Cup_Stadium__Dortmund,Dortmund,Germany,Togo,0,2,Switzerland,
2006,19.jun.06,18:00,Group_H,FIFA_World_Cup_Stadium__Hamburg,Hamburg,Germany,Saudi_Arabia,0,4,Ukraine,
2006,19.jun.06,21:00,Group_H,Gottlieb-Daimler-Stadion,Stuttgart,Germany,Spain,3,1,Tunisia,
2006,20.jun.06,16:00,Group_A,Olympiastadion,Berlin,Germany,Ecuador,0,3,Germany,
2006,20.jun.06,16:00,Group_A,FIFA_World_Cup_Stadium__Hanover,Hanover,Germany,Costa_Rica,1,2,Poland,
2006,20.jun.06,21:00,Group_B,FIFA_World_Cup_Stadium__Cologne,Cologne,Germany,Sweden,2,2,England,
2006,20.jun.06,21:00,Group_B,Fritz-Walter-Stadion,Kaiserslautern,Germany,Paraguay,2,0,Trinidad_and_Tobago,
2006,21.jun.06,16:00,Group_D,Zentralstadion,Leipzig,Germany,Iran,1,1,Angola,
2006,21.jun.06,16:00,Group_D,FIFA_World_Cup_Stadium__Gelsenkirchen,Gelsenkirchen,Germany,Portugal,2,1,Mexico,
2006,21.jun.06,21:00,Group_C,FIFA_World_Cup_Stadium__Frankfurt,Frankfurt/Main,Germany,Netherlands,0,0,Argentina,
2006,21.jun.06,21:00,Group_C,FIFA_World_Cup_Stadium__Munich,Munich,Germany,C???te_d'Ivoire,3,2,Serbia_and_Montenegro,
2006,22.jun.06,16:00,Group_E,FIFA_World_Cup_Stadium__Hamburg,Hamburg,Germany,Czech_Republic,0,2,Italy,
2006,22.jun.06,16:00,Group_E,Franken-Stadion,Nuremberg,Germany,Ghana,2,1,USA,
2006,22.jun.06,21:00,Group_F,FIFA_World_Cup_Stadium__Dortmund,Dortmund,Germany,Japan,1,4,Brazil,
2006,22.jun.06,21:00,Group_F,Gottlieb-Daimler-Stadion,Stuttgart,Germany,Croatia,2,2,Australia,
2006,23.jun.06,16:00,Group_H,Olympiastadion,Berlin,Germany,Ukraine,1,0,Tunisia,
2006,23.jun.06,16:00,Group_H,Fritz-Walter-Stadion,Kaiserslautern,Germany,Saudi_Arabia,0,1,Spain,
2006,23.jun.06,21:00,Group_G,FIFA_World_Cup_Stadium__Cologne,Cologne,Germany,Togo,0,2,France,
2006,23.jun.06,21:00,Group_G,FIFA_World_Cup_Stadium__Hanover,Hanover,Germany,Switzerland,2,0,Korea_Republic,
2006,24.jun.06,17:00,Round_of_16,FIFA_World_Cup_Stadium__Munich,Munich,Germany,Germany,2,0,Sweden,
2006,24.jun.06,21:00,Round_of_16,Zentralstadion,Leipzig,Germany,Argentina,2,1,Mexico,Argentina_win_after_extra_time_
2006,25.jun.06,17:00,Round_of_16,Gottlieb-Daimler-Stadion,Stuttgart,Germany,England,1,0,Ecuador,
2006,25.jun.06,21:00,Round_of_16,Franken-Stadion,Nuremberg,Germany,Portugal,1,0,Netherlands,
2006,26.jun.06,17:00,Round_of_16,Fritz-Walter-Stadion,Kaiserslautern,Germany,Italy,1,0,Australia,
2006,26.jun.06,21:00,Round_of_16,FIFA_World_Cup_Stadium__Cologne,Cologne,Germany,Switzerland,0,0,Ukraine,Ukraine_win_on_penalties_(0_-_3)_
2006,27.jun.06,17:00,Round_of_16,FIFA_World_Cup_Stadium__Dortmund,Dortmund,Germany,Brazil,3,0,Ghana,
2006,27.jun.06,21:00,Round_of_16,FIFA_World_Cup_Stadium__Hanover,Hanover,Germany,Spain,1,3,France,
2006,30.jun.06,17:00,Quarter-finals,Olympiastadion,Berlin,Germany,Germany,1,1,Argentina,Germany_win_on_penalties_(4_-_2)_
2006,30.jun.06,21:00,Quarter-finals,FIFA_World_Cup_Stadium__Hamburg,Hamburg,Germany,Italy,3,0,Ukraine,
2006,01.jul.06,17:00,Quarter-finals,FIFA_World_Cup_Stadium__Gelsenkirchen,Gelsenkirchen,Germany,England,0,0,Portugal,Portugal_win_on_penalties_(1_-_3)_
2006,01.jul.06,21:00,Quarter-finals,FIFA_World_Cup_Stadium__Frankfurt,Frankfurt/Main,Germany,Brazil,0,1,France,
2006,04.jul.06,21:00,Semi-finals,FIFA_World_Cup_Stadium__Dortmund,Dortmund,Germany,Germany,0,2,Italy,Italy_win_after_extra_time_
2006,05.jul.06,21:00,Semi-finals,FIFA_World_Cup_Stadium__Munich,Munich,Germany,Portugal,0,1,France,
2006,08.jul.06,21:00,Third_place,Gottlieb-Daimler-Stadion,Stuttgart,Germany,Germany,3,1,Portugal,
2006,09.jul.06,20:00,Final,Olympiastadion,Berlin,Germany,Italy,1,1,France,Italy_win_on_penalties_(5_-_3)_
2010,11.jun.10,16:00,Group_A,Soccer_City_Stadium,Johannesburg,South_Africa,South_Africa,1,1,Mexico,
2010,11.jun.10,20:30,Group_A,Cape_Town_Stadium,Cape_Town,South_Africa,Uruguay,0,0,France,
2010,12.jun.10,13:30,Group_B,Port_Elizabeth_Stadium,Nelson_Mandela_Bay/Port_Elizabeth,South_Africa,Korea_Republic,2,0,Greece,
2010,12.jun.10,16:00,Group_B,Ellis_Park_Stadium,Johannesburg,South_Africa,Argentina,1,0,Nigeria,
2010,12.jun.10,20:30,Group_C,Royal_Bafokeng_Sports_Palace,Phokeng,South_Africa,England,1,1,USA,
2010,13.jun.10,13:30,Group_C,Peter_Mokaba_Stadium,Polokwane,South_Africa,Algeria,0,1,Slovenia,
2010,13.jun.10,16:00,Group_D,Loftus_Versfeld_Stadium,Tshwane/Pretoria,South_Africa,Serbia,0,1,Ghana,
2010,13.jun.10,20:30,Group_D,Durban_Stadium,Durban,South_Africa,Germany,4,0,Australia,
2010,14.jun.10,13:30,Group_E,Soccer_City_Stadium,Johannesburg,South_Africa,Netherlands,2,0,Denmark,
2010,14.jun.10,16:00,Group_E,Free_State_Stadium,Mangaung/Bloemfontein,South_Africa,Japan,1,0,Cameroon,
2010,14.jun.10,20:30,Group_F,Cape_Town_Stadium,Cape_Town,South_Africa,Italy,1,1,Paraguay,
2010,15.jun.10,13:30,Group_F,Royal_Bafokeng_Sports_Palace,Phokeng,South_Africa,New_Zealand,1,1,Slovakia,
2010,15.jun.10,16:00,Group_G,Port_Elizabeth_Stadium,Nelson_Mandela_Bay/Port_Elizabeth,South_Africa,C???te_d'Ivoire,0,0,Portugal,
2010,15.jun.10,20:30,Group_G,Ellis_Park_Stadium,Johannesburg,South_Africa,Brazil,2,1,Korea_DPR,
2010,16.jun.10,13:30,Group_H,Mbombela_Stadium,Nelspruit,South_Africa,Honduras,0,1,Chile,
2010,16.jun.10,16:00,Group_H,Durban_Stadium,Durban,South_Africa,Spain,0,1,Switzerland,
2010,16.jun.10,20:30,Group_A,Loftus_Versfeld_Stadium,Tshwane/Pretoria,South_Africa,South_Africa,0,3,Uruguay,
2010,17.jun.10,13:30,Group_B,Soccer_City_Stadium,Johannesburg,South_Africa,Argentina,4,1,Korea_Republic,
2010,17.jun.10,16:00,Group_B,Free_State_Stadium,Mangaung/Bloemfontein,South_Africa,Greece,2,1,Nigeria,
2010,17.jun.10,20:30,Group_A,Peter_Mokaba_Stadium,Polokwane,South_Africa,France,0,2,Mexico,
2010,18.jun.10,13:30,Group_D,Port_Elizabeth_Stadium,Nelson_Mandela_Bay/Port_Elizabeth,South_Africa,Germany,0,1,Serbia,
2010,18.jun.10,16:00,Group_C,Ellis_Park_Stadium,Johannesburg,South_Africa,Slovenia,2,2,USA,
2010,18.jun.10,20:30,Group_C,Cape_Town_Stadium,Cape_Town,South_Africa,England,0,0,Algeria,
2010,19.jun.10,13:30,Group_E,Durban_Stadium,Durban,South_Africa,Netherlands,1,0,Japan,
2010,19.jun.10,16:00,Group_D,Royal_Bafokeng_Sports_Palace,Phokeng,South_Africa,Ghana,1,1,Australia,
2010,19.jun.10,20:30,Group_E,Loftus_Versfeld_Stadium,Tshwane/Pretoria,South_Africa,Cameroon,1,2,Denmark,
2010,20.jun.10,13:30,Group_F,Free_State_Stadium,Mangaung/Bloemfontein,South_Africa,Slovakia,0,2,Paraguay,
2010,20.jun.10,16:00,Group_F,Mbombela_Stadium,Nelspruit,South_Africa,Italy,1,1,New_Zealand,
2010,20.jun.10,20:30,Group_G,Soccer_City_Stadium,Johannesburg,South_Africa,Brazil,3,1,C???te_d'Ivoire,
2010,21.jun.10,13:30,Group_G,Cape_Town_Stadium,Cape_Town,South_Africa,Portugal,7,0,Korea_DPR,
2010,21.jun.10,16:00,Group_H,Port_Elizabeth_Stadium,Nelson_Mandela_Bay/Port_Elizabeth,South_Africa,Chile,1,0,Switzerland,
2010,21.jun.10,20:30,Group_H,Ellis_Park_Stadium,Johannesburg,South_Africa,Spain,2,0,Honduras,
2010,22.jun.10,16:00,Group_A,Royal_Bafokeng_Sports_Palace,Phokeng,South_Africa,Mexico,0,1,Uruguay,
2010,22.jun.10,16:00,Group_A,Free_State_Stadium,Mangaung/Bloemfontein,South_Africa,France,1,2,South_Africa,
2010,22.jun.10,20:30,Group_B,Durban_Stadium,Durban,South_Africa,Nigeria,2,2,Korea_Republic,
2010,22.jun.10,20:30,Group_B,Peter_Mokaba_Stadium,Polokwane,South_Africa,Greece,0,2,Argentina,
2010,23.jun.10,16:00,Group_C,Port_Elizabeth_Stadium,Nelson_Mandela_Bay/Port_Elizabeth,South_Africa,Slovenia,0,1,England,
2010,23.jun.10,16:00,Group_C,Loftus_Versfeld_Stadium,Tshwane/Pretoria,South_Africa,USA,1,0,Algeria,
2010,23.jun.10,20:30,Group_D,Soccer_City_Stadium,Johannesburg,South_Africa,Ghana,0,1,Germany,
2010,23.jun.10,20:30,Group_D,Mbombela_Stadium,Nelspruit,South_Africa,Australia,2,1,Serbia,
2010,24.jun.10,16:00,Group_F,Ellis_Park_Stadium,Johannesburg,South_Africa,Slovakia,3,2,Italy,
2010,24.jun.10,16:00,Group_F,Peter_Mokaba_Stadium,Polokwane,South_Africa,Paraguay,0,0,New_Zealand,
2010,24.jun.10,20:30,Group_E,Royal_Bafokeng_Sports_Palace,Phokeng,South_Africa,Denmark,1,3,Japan,
2010,24.jun.10,20:30,Group_E,Cape_Town_Stadium,Cape_Town,South_Africa,Cameroon,1,2,Netherlands,
2010,25.jun.10,16:00,Group_G,Durban_Stadium,Durban,South_Africa,Portugal,0,0,Brazil,
2010,25.jun.10,16:00,Group_G,Mbombela_Stadium,Nelspruit,South_Africa,Korea_DPR,0,3,C???te_d'Ivoire,
2010,25.jun.10,20:30,Group_H,Loftus_Versfeld_Stadium,Tshwane/Pretoria,South_Africa,Chile,1,2,Spain,
2010,25.jun.10,20:30,Group_H,Free_State_Stadium,Mangaung/Bloemfontein,South_Africa,Switzerland,0,0,Honduras,
2010,26.jun.10,16:00,Round_of_16,Port_Elizabeth_Stadium,Nelson_Mandela_Bay/Port_Elizabeth,South_Africa,Uruguay,2,1,Korea_Republic,
2010,26.jun.10,20:30,Round_of_16,Royal_Bafokeng_Sports_Palace,Phokeng,South_Africa,USA,1,2,Ghana,Ghana_win_after_extra_time_
2010,27.jun.10,16:00,Round_of_16,Free_State_Stadium,Mangaung/Bloemfontein,South_Africa,Germany,4,1,England,
2010,27.jun.10,20:30,Round_of_16,Soccer_City_Stadium,Johannesburg,South_Africa,Argentina,3,1,Mexico,
2010,28.jun.10,16:00,Round_of_16,Durban_Stadium,Durban,South_Africa,Netherlands,2,1,Slovakia,
2010,28.jun.10,20:30,Round_of_16,Ellis_Park_Stadium,Johannesburg,South_Africa,Brazil,3,0,Chile,
2010,29.jun.10,16:00,Round_of_16,Loftus_Versfeld_Stadium,Tshwane/Pretoria,South_Africa,Paraguay,0,0,Japan,Paraguay_win_on_penalties_(5_-_3)_
2010,29.jun.10,20:30,Round_of_16,Cape_Town_Stadium,Cape_Town,South_Africa,Spain,1,0,Portugal,
2010,02.jul.10,16:00,Quarter-finals,Port_Elizabeth_Stadium,Nelson_Mandela_Bay/Port_Elizabeth,South_Africa,Netherlands,2,1,Brazil,
2010,02.jul.10,20:30,Quarter-finals,Soccer_City_Stadium,Johannesburg,South_Africa,Uruguay,1,1,Ghana,Uruguay_win_on_penalties_(4_-_2)_
2010,03.jul.10,16:00,Quarter-finals,Cape_Town_Stadium,Cape_Town,South_Africa,Argentina,0,4,Germany,
2010,03.jul.10,20:30,Quarter-finals,Ellis_Park_Stadium,Johannesburg,South_Africa,Paraguay,0,1,Spain,
2010,06.jul.10,20:30,Semi-finals,Cape_Town_Stadium,Cape_Town,South_Africa,Uruguay,2,3,Netherlands,
2010,07.jul.10,20:30,Semi-finals,Durban_Stadium,Durban,South_Africa,Germany,0,1,Spain,
2010,10.jul.10,20:30,Match_for_third_place,Port_Elizabeth_Stadium,Nelson_Mandela_Bay/Port_Elizabeth,South_Africa,Uruguay,2,3,Germany,
2010,11.jul.10,20:30,Final,Soccer_City_Stadium,Johannesburg,South_Africa,Netherlands,0,1,Spain,Spain_win_after_extra_time_
2014,12.jun.14,17:00,Group_A,Arena_de_Sao_Paulo,Sao_Paulo,Brazil,Brazil,3,1,Croatia,
2014,13.jun.14,13:00,Group_A,Estadio_das_Dunas,Natal,Brazil,Mexico,1,0,Cameroon,
2014,13.jun.14,16:00,Group_B,Arena_Fonte_Nova,Salvador,Brazil,Spain,1,5,Netherlands,
2014,13.jun.14,18:00,Group_B,Arena_Pantanal,Cuiaba,Brazil,Chile,3,1,Australia,
2014,14.jun.14,13:00,Group_C,Estadio_Mineirao,Belo_Horizonte,Brazil,Colombia,3,0,Greece,
2014,14.jun.14,16:00,Group_D,Estadio_Castelao,Fortaleza,Brazil,Uruguay,1,3,Costa_Rica,
2014,14.jun.14,18:00,Group_D,Arena_Amazonia,Manaus,Brazil,England,1,2,Italy,
2014,14.jun.14,22:00,Group_C,Arena_Pernambuco,Recife,Brazil,C???te_d'Ivoire,2,1,Japan,
2014,15.jun.14,13:00,Group_E,Estadio_Nacional,Brasilia,Brazil,Switzerland,2,1,Ecuador,
2014,15.jun.14,16:00,Group_E,Estadio_Beira-Rio,Porto_Alegre,Brazil,France,3,0,Honduras,
2014,15.jun.14,19:00,Group_F,Estadio_do_Maracana,Rio_De_Janeiro,Brazil,Argentina,2,1,Bosnia_and_Herzegovina,
2014,16.jun.14,13:00,Group_G,Arena_Fonte_Nova,Salvador,Brazil,Germany,4,0,Portugal,
2014,16.jun.14,16:00,Group_F,Arena_da_Baixada,Curitiba,Brazil,IR_Iran,0,0,Nigeria,
2014,16.jun.14,19:00,Group_G,Estadio_das_Dunas,Natal,Brazil,Ghana,1,2,USA,
2014,17.jun.14,13:00,Group_H,Estadio_Mineirao,Belo_Horizonte,Brazil,Belgium,2,1,Algeria,
2014,17.jun.14,16:00,Group_A,Estadio_Castelao,Fortaleza,Brazil,Brazil,0,0,Mexico,
2014,17.jun.14,18:00,Group_H,Arena_Pantanal,Cuiaba,Brazil,Russia,1,1,Korea_Republic,
2014,18.jun.14,13:00,Group_B,Estadio_Beira-Rio,Porto_Alegre,Brazil,Australia,2,3,Netherlands,
2014,18.jun.14,16:00,Group_B,Estadio_do_Maracana,Rio_De_Janeiro,Brazil,Spain,0,2,Chile,
2014,18.jun.14,18:00,Group_A,Arena_Amazonia,Manaus,Brazil,Cameroon,0,4,Croatia,
2014,19.jun.14,13:00,Group_C,Estadio_Nacional,Brasilia,Brazil,Colombia,2,1,C???te_d'Ivoire,
2014,19.jun.14,16:00,Group_D,Arena_de_Sao_Paulo,Sao_Paulo,Brazil,Uruguay,2,1,England,
2014,19.jun.14,19:00,Group_C,Estadio_das_Dunas,Natal,Brazil,Japan,0,0,Greece,
2014,20.jun.14,13:00,Group_D,Arena_Pernambuco,Recife,Brazil,Italy,0,1,Costa_Rica,
2014,20.jun.14,16:00,Group_E,Arena_Fonte_Nova,Salvador,Brazil,Switzerland,2,5,France,
2014,20.jun.14,19:00,Group_E,Arena_da_Baixada,Curitiba,Brazil,Honduras,1,2,Ecuador,
2014,21.jun.14,13:00,Group_F,Estadio_Mineirao,Belo_Horizonte,Brazil,Argentina,1,0,IR_Iran,
2014,21.jun.14,16:00,Group_G,Estadio_Castelao,Fortaleza,Brazil,Germany,2,2,Ghana,
2014,21.jun.14,18:00,Group_F,Arena_Pantanal,Cuiaba,Brazil,Nigeria,1,0,Bosnia_and_Herzegovina,
2014,22.jun.14,13:00,Group_H,Estadio_do_Maracana,Rio_De_Janeiro,Brazil,Belgium,1,0,Russia,
2014,22.jun.14,16:00,Group_H,Estadio_Beira-Rio,Porto_Alegre,Brazil,Korea_Republic,2,4,Algeria,
2014,22.jun.14,18:00,Group_G,Arena_Amazonia,Manaus,Brazil,USA,2,2,Portugal,
2014,23.jun.14,13:00,Group_B,Arena_da_Baixada,Curitiba,Brazil,Australia,0,3,Spain,
2014,23.jun.14,13:00,Group_B,Arena_de_Sao_Paulo,Sao_Paulo,Brazil,Netherlands,2,0,Chile,
2014,23.jun.14,17:00,Group_A,Estadio_Nacional,Brasilia,Brazil,Cameroon,1,4,Brazil,
2014,23.jun.14,17:00,Group_A,Arena_Pernambuco,Recife,Brazil,Croatia,1,3,Mexico,
2014,24.jun.14,13:00,Group_D,Estadio_das_Dunas,Natal,Brazil,Italy,0,1,Uruguay,
2014,24.jun.14,13:00,Group_D,Estadio_Mineirao,Belo_Horizonte,Brazil,Costa_Rica,0,0,England,
2014,24.jun.14,16:00,Group_C,Arena_Pantanal,Cuiaba,Brazil,Japan,1,4,Colombia,
2014,24.jun.14,17:00,Group_C,Estadio_Castelao,Fortaleza,Brazil,Greece,2,1,C???te_d'Ivoire,
2014,25.jun.14,13:00,Group_F,Estadio_Beira-Rio,Porto_Alegre,Brazil,Nigeria,2,3,Argentina,
2014,25.jun.14,13:00,Group_F,Arena_Fonte_Nova,Salvador,Brazil,Bosnia_and_Herzegovina,3,1,IR_Iran,
2014,25.jun.14,16:00,Group_E,Arena_Amazonia,Manaus,Brazil,Honduras,0,3,Switzerland,
2014,25.jun.14,17:00,Group_E,Estadio_do_Maracana,Rio_De_Janeiro,Brazil,Ecuador,0,0,France,
2014,26.jun.14,13:00,Group_G,Arena_Pernambuco,Recife,Brazil,USA,0,1,Germany,
2014,26.jun.14,13:00,Group_G,Estadio_Nacional,Brasilia,Brazil,Portugal,2,1,Ghana,
2014,26.jun.14,17:00,Group_H,Arena_de_Sao_Paulo,Sao_Paulo,Brazil,Korea_Republic,0,1,Belgium,
2014,26.jun.14,17:00,Group_H,Arena_da_Baixada,Curitiba,Brazil,Algeria,1,1,Russia,
2014,28.jun.14,13:00,Round_of_16,Estadio_Mineirao,Belo_Horizonte,Brazil,Brazil,1,1,Chile,Brazil_win_on_penalties_(3_-_2)_
2014,28.jun.14,17:00,Round_of_16,Estadio_do_Maracana,Rio_De_Janeiro,Brazil,Colombia,2,0,Uruguay,
2014,30.jun.14,13:00,Round_of_16,Estadio_Nacional,Brasilia,Brazil,France,2,0,Nigeria,
2014,30.jun.14,17:00,Round_of_16,Estadio_Beira-Rio,Porto_Alegre,Brazil,Germany,2,1,Algeria,Germany_win_after_extra_time_
2014,04.jul.14,17:00,Quarter-finals,Estadio_Castelao,Fortaleza,Brazil,Brazil,2,1,Colombia,
2014,04.jul.14,13:00,Quarter-finals,Estadio_do_Maracana,Rio_De_Janeiro,Brazil,France,0,1,Germany,
2014,08.jul.14,17:00,Semi-finals,Estadio_Mineirao,Belo_Horizonte,Brazil,Brazil,1,7,Germany,
2014,12.jul.14,17:00,Play-off_for_third_place,Estadio_Nacional,Brasilia,Brazil,Brazil,0,3,Netherlands,
2014,13.jul.14,16:00,Final,Estadio_do_Maracana,Rio_De_Janeiro,Brazil,Germany,1,0,Argentina,Germany_win_after_extra_time_
2014,09.jul.14,17:00,Semi-finals,Arena_de_Sao_Paulo,Sao_Paulo,Brazil,Netherlands,0,0,Argentina,Argentina_win_on_penalties_(2_-_4)_
2014,05.jul.14,17:00,Quarter-finals,Arena_Fonte_Nova,Salvador,Brazil,Netherlands,0,0,Costa_Rica,Netherlands_win_on_penalties_(4_-_3)_
2014,05.jul.14,13:00,Quarter-finals,Estadio_Nacional,Brasilia,Brazil,Argentina,1,0,Belgium,
2014,29.jun.14,13:00,Round_of_16,Estadio_Castelao,Fortaleza,Brazil,Netherlands,2,1,Mexico,
2014,29.jun.14,17:00,Round_of_16,Arena_Pernambuco,Recife,Brazil,Costa_Rica,1,1,Greece,Costa_Rica_win_on_penalties_(5_-_3)_
2014,01.jul.14,13:00,Round_of_16,Arena_de_Sao_Paulo,Sao_Paulo,Brazil,Argentina,1,0,Switzerland,Argentina_win_after_extra_time_
2014,01.jul.14,17:00,Round_of_16,Arena_Fonte_Nova,Salvador,Brazil,Belgium,2,1,USA,Belgium_win_after_extra_time_
2014,28.jun.14,13:00,Round_of_16,Estadio_Mineirao,Belo_Horizonte,Brazil,Brazil,1,1,Chile,Brazil_win_on_penalties_(3_-_2)_
2014,28.jun.14,17:00,Round_of_16,Estadio_do_Maracana,Rio_De_Janeiro,Brazil,Colombia,2,0,Uruguay,
2014,29.jun.14,13:00,Round_of_16,Estadio_Castelao,Fortaleza,Brazil,Netherlands,2,1,Mexico,
2014,29.jun.14,17:00,Round_of_16,Arena_Pernambuco,Recife,Brazil,Costa_Rica,1,1,Greece,Costa_Rica_win_on_penalties_(5_-_3)_
2014,30.jun.14,13:00,Round_of_16,Estadio_Nacional,Brasilia,Brazil,France,2,0,Nigeria,
2014,30.jun.14,17:00,Round_of_16,Estadio_Beira-Rio,Porto_Alegre,Brazil,Germany,2,1,Algeria,Germany_win_after_extra_time_
2014,01.jul.14,13:00,Round_of_16,Arena_de_Sao_Paulo,Sao_Paulo,Brazil,Argentina,1,0,Switzerland,Argentina_win_after_extra_time_
2014,01.jul.14,17:00,Round_of_16,Arena_Fonte_Nova,Salvador,Brazil,Belgium,2,1,USA,Belgium_win_after_extra_time_
2014,04.jul.14,13:00,Quarter-finals,Estadio_do_Maracana,Rio_De_Janeiro,Brazil,France,0,1,Germany,
2014,04.jul.14,17:00,Quarter-finals,Estadio_Castelao,Fortaleza,Brazil,Brazil,2,1,Colombia,
2014,05.jul.14,13:00,Quarter-finals,Estadio_Nacional,Brasilia,Brazil,Argentina,1,0,Belgium,
2014,05.jul.14,17:00,Quarter-finals,Arena_Fonte_Nova,Salvador,Brazil,Netherlands,0,0,Costa_Rica,Netherlands_win_on_penalties_(4_-_3)_
2014,08.jul.14,17:00,Semi-finals,Estadio_Mineirao,Belo_Horizonte,Brazil,Brazil,1,7,Germany,
2014,09.jul.14,17:00,Semi-finals,Arena_de_Sao_Paulo,Sao_Paulo,Brazil,Netherlands,0,0,Argentina,Argentina_win_on_penalties_(2_-_4)_
2014,12.jul.14,17:00,Play-off_for_third_place,Estadio_Nacional,Brasilia,Brazil,Brazil,0,3,Netherlands,
2014,13.jul.14,16:00,Final,Estadio_do_Maracana,Rio_De_Janeiro,Brazil,Germany,1,0,Argentina,Germany_win_after_extra_time